"slug","pokeapi_id","name","category","sprite_available","game_key"
"masterball","1","Master Ball","standard-balls","true","masterball"
"ultraball","2","Ultra Ball","standard-balls","true","ultraball"
"greatball","3","Great Ball","standard-balls","true","greatball"
"pokeball","4","Poké Ball","standard-balls","true","pokeball"
"safariball","5","Safari Ball","standard-balls","true","safariball"
"netball","6","Net Ball","special-balls","true","netball"
"diveball","7","Dive Ball","special-balls","true","diveball"
"nestball","8","Nest Ball","special-balls","true","nestball"
"repeatball","9","Repeat Ball","special-balls","true","repeatball"
"timerball","10","Timer Ball","special-balls","true","timerball"
"luxuryball","11","Luxury Ball","special-balls","true","luxuryball"
"premierball","12","Premier Ball","special-balls","true","premierball"
"duskball","13","Dusk Ball","special-balls","true","duskball"
"healball","14","Heal Ball","special-balls","true","healball"
"quickball","15","Quick Ball","special-balls","true","quickball"
"cherishball","16","Cherish Ball","special-balls","true","cherishball"
"potion","17","Potion","healing","true","potion"
"antidote","18","Antidote","status-cures","true","antidote"
"burnheal","19","Burn Heal","status-cures","true","burnheal"
"iceheal","20","Ice Heal","status-cures","true","iceheal"
"awakening","21","Awakening","status-cures","true","awakening"
"paralyzeheal","22","Paralyze Heal","status-cures","true","paralyzeheal"
"fullrestore","23","Full Restore","healing","true","fullrestore"
"maxpotion","24","Max Potion","healing","true","maxpotion"
"hyperpotion","25","Hyper Potion","healing","true","hyperpotion"
"superpotion","26","Super Potion","healing","true","superpotion"
"fullheal","27","Full Heal","status-cures","true","fullheal"
"revive","28","Revive","revival","true","revive"
"maxrevive","29","Max Revive","revival","true","maxrevive"
"freshwater","30","Fresh Water","healing","true","freshwater"
"sodapop","31","Soda Pop","healing","true","sodapop"
"lemonade","32","Lemonade","healing","true","lemonade"
"moomoomilk","33","Moomoo Milk","healing","true","moomoomilk"
"energypowder","34","Energy Powder","healing","true","energypowder"
"energyroot","35","Energy Root","healing","true","energyroot"
"healpowder","36","Heal Powder","status-cures","true","healpowder"
"revivalherb","37","Revival Herb","revival","true","revivalherb"
"ether","38","Ether","pp-recovery","true","ether"
"maxether","39","Max Ether","pp-recovery","true","maxether"
"elixir","40","Elixir","pp-recovery","true","elixir"
"maxelixir","41","Max Elixir","pp-recovery","true","maxelixir"
"lavacookie","42","Lava Cookie","status-cures","true","lavacookie"
"berryjuice","43","Berry Juice","healing","true","berryjuice"
"sacredash","44","Sacred Ash","revival","true","sacredash"
"hpup","45","HP Up","vitamins","true","hpup"
"protein","46","Protein","vitamins","true","protein"
"iron","47","Iron","vitamins","true","iron"
"carbos","48","Carbos","vitamins","true","carbos"
"calcium","49","Calcium","vitamins","true","calcium"
"rarecandy","50","Rare Candy","vitamins","true","rarecandy"
"ppup","51","PP Up","vitamins","true","ppup"
"zinc","52","Zinc","vitamins","true","zinc"
"ppmax","53","PP Max","vitamins","true","ppmax"
"oldgateau","54","Old Gateau","status-cures","true","oldgateau"
"guardspec","55","Guard Spec.","stat-boosts","true","guardspec"
"direhit","56","Dire Hit","stat-boosts","true","direhit"
"xattack","57","X Attack","stat-boosts","true","xattack"
"xdefense","58","X Defense","stat-boosts","true","xdefense"
"xspeed","59","X Speed","stat-boosts","true","xspeed"
"xaccuracy","60","X Accuracy","stat-boosts","true","xaccuracy"
"xspatk","61","X Sp. Atk","stat-boosts","true","xspatk"
"xspdef","62","X Sp. Def","stat-boosts","true","xspdef"
"pokedoll","63","Poké Doll","spelunking","true","pokedoll"
"fluffytail","64","Fluffy Tail","spelunking","true","fluffytail"
"blueflute","65","Blue Flute","flutes","true","blueflute"
"yellowflute","66","Yellow Flute","flutes","true","yellowflute"
"redflute","67","Red Flute","flutes","true","redflute"
"blackflute","68","Black Flute","spelunking","true","blackflute"
"whiteflute","69","White Flute","spelunking","true","whiteflute"
"shoalsalt","70","Shoal Salt","collectibles","true","shoalsalt"
"shoalshell","71","Shoal Shell","collectibles","true","shoalshell"
"redshard","72","Red Shard","collectibles","true","redshard"
"blueshard","73","Blue Shard","collectibles","true","blueshard"
"yellowshard","74","Yellow Shard","collectibles","true","yellowshard"
"greenshard","75","Green Shard","collectibles","true","greenshard"
"superrepel","76","Super Repel","spelunking","true","superrepel"
"maxrepel","77","Max Repel","spelunking","true","maxrepel"
"escaperope","78","Escape Rope","spelunking","true","escaperope"
"repel","79","Repel","spelunking","true","repel"
"sunstone","80","Sun Stone","evolution","true","sunstone"
"moonstone","81","Moon Stone","evolution","true","moonstone"
"firestone","82","Fire Stone","evolution","true","firestone"
"thunderstone","83","Thunder Stone","evolution","true","thunderstone"
"waterstone","84","Water Stone","evolution","true","waterstone"
"leafstone","85","Leaf Stone","evolution","true","leafstone"
"tinymushroom","86","Tiny Mushroom","loot","true","tinymushroom"
"bigmushroom","87","Big Mushroom","loot","true","bigmushroom"
"pearl","88","Pearl","loot","true","pearl"
"bigpearl","89","Big Pearl","loot","true","bigpearl"
"stardust","90","Stardust","loot","true","stardust"
"starpiece","91","Star Piece","loot","true","starpiece"
"nugget","92","Nugget","loot","true","nugget"
"heartscale","93","Heart Scale","collectibles","true","heartscale"
"honey","94","Honey","dex-completion","true","honey"
"growthmulch","95","Growth Mulch","mulch","true","growthmulch"
"dampmulch","96","Damp Mulch","mulch","true","dampmulch"
"stablemulch","97","Stable Mulch","mulch","true","stablemulch"
"gooeymulch","98","Gooey Mulch","mulch","true","gooeymulch"
"rootfossil","99","Root Fossil","dex-completion","true","rootfossil"
"clawfossil","100","Claw Fossil","dex-completion","true","clawfossil"
"helixfossil","101","Helix Fossil","dex-completion","true","helixfossil"
"domefossil","102","Dome Fossil","dex-completion","true","domefossil"
"oldamber","103","Old Amber","dex-completion","true","oldamber"
"armorfossil","104","Armor Fossil","dex-completion","true","armorfossil"
"skullfossil","105","Skull Fossil","dex-completion","true","skullfossil"
"rarebone","106","Rare Bone","loot","true","rarebone"
"shinystone","107","Shiny Stone","evolution","true","shinystone"
"duskstone","108","Dusk Stone","evolution","true","duskstone"
"dawnstone","109","Dawn Stone","evolution","true","dawnstone"
"ovalstone","110","Oval Stone","evolution","true","ovalstone"
"oddkeystone","111","Odd Keystone","dex-completion","true","oddkeystone"
"adamantorb","112","Adamant Orb","species-specific","true","adamantorb"
"lustrousorb","113","Lustrous Orb","species-specific","true","lustrousorb"
"grassmail","114","Grass Mail","all-mail","true","grassmail"
"flamemail","115","Flame Mail","all-mail","true","flamemail"
"bubblemail","116","Bubble Mail","all-mail","true","bubblemail"
"bloommail","117","Bloom Mail","all-mail","true","bloommail"
"tunnelmail","118","Tunnel Mail","all-mail","true","tunnelmail"
"steelmail","119","Steel Mail","all-mail","true","steelmail"
"heartmail","120","Heart Mail","all-mail","true","heartmail"
"snowmail","121","Snow Mail","all-mail","true","snowmail"
"spacemail","122","Space Mail","all-mail","true","spacemail"
"airmail","123","Air Mail","all-mail","true","airmail"
"mosaicmail","124","Mosaic Mail","all-mail","true","mosaicmail"
"brickmail","125","Brick Mail","all-mail","true","brickmail"
"cheriberry","126","Cheri Berry","medicine","true","cheriberry"
"chestoberry","127","Chesto Berry","medicine","true","chestoberry"
"pechaberry","128","Pecha Berry","medicine","true","pechaberry"
"rawstberry","129","Rawst Berry","medicine","true","rawstberry"
"aspearberry","130","Aspear Berry","medicine","true","aspearberry"
"leppaberry","131","Leppa Berry","medicine","true","leppaberry"
"oranberry","132","Oran Berry","medicine","true","oranberry"
"persimberry","133","Persim Berry","medicine","true","persimberry"
"lumberry","134","Lum Berry","medicine","true","lumberry"
"sitrusberry","135","Sitrus Berry","medicine","true","sitrusberry"
"figyberry","136","Figy Berry","picky-healing","true","figyberry"
"wikiberry","137","Wiki Berry","picky-healing","true","wikiberry"
"magoberry","138","Mago Berry","picky-healing","true","magoberry"
"aguavberry","139","Aguav Berry","picky-healing","true","aguavberry"
"iapapaberry","140","Iapapa Berry","picky-healing","true","iapapaberry"
"razzberry","141","Razz Berry","baking-only","true","razzberry"
"blukberry","142","Bluk Berry","baking-only","true","blukberry"
"nanabberry","143","Nanab Berry","baking-only","true","nanabberry"
"wepearberry","144","Wepear Berry","baking-only","true","wepearberry"
"pinapberry","145","Pinap Berry","baking-only","true","pinapberry"
"pomegberry","146","Pomeg Berry","effort-drop","true","pomegberry"
"kelpsyberry","147","Kelpsy Berry","effort-drop","true","kelpsyberry"
"qualotberry","148","Qualot Berry","effort-drop","true","qualotberry"
"hondewberry","149","Hondew Berry","effort-drop","true","hondewberry"
"grepaberry","150","Grepa Berry","effort-drop","true","grepaberry"
"tamatoberry","151","Tamato Berry","effort-drop","true","tamatoberry"
"cornnberry","152","Cornn Berry","baking-only","true","cornnberry"
"magostberry","153","Magost Berry","baking-only","true","magostberry"
"rabutaberry","154","Rabuta Berry","baking-only","true","rabutaberry"
"nomelberry","155","Nomel Berry","baking-only","true","nomelberry"
"spelonberry","156","Spelon Berry","baking-only","true","spelonberry"
"pamtreberry","157","Pamtre Berry","baking-only","true","pamtreberry"
"watmelberry","158","Watmel Berry","baking-only","true","watmelberry"
"durinberry","159","Durin Berry","baking-only","true","durinberry"
"belueberry","160","Belue Berry","baking-only","true","belueberry"
"occaberry","161","Occa Berry","type-protection","true","occaberry"
"passhoberry","162","Passho Berry","type-protection","true","passhoberry"
"wacanberry","163","Wacan Berry","type-protection","true","wacanberry"
"rindoberry","164","Rindo Berry","type-protection","true","rindoberry"
"yacheberry","165","Yache Berry","type-protection","true","yacheberry"
"chopleberry","166","Chople Berry","type-protection","true","chopleberry"
"kebiaberry","167","Kebia Berry","type-protection","true","kebiaberry"
"shucaberry","168","Shuca Berry","type-protection","true","shucaberry"
"cobaberry","169","Coba Berry","type-protection","true","cobaberry"
"payapaberry","170","Payapa Berry","type-protection","true","payapaberry"
"tangaberry","171","Tanga Berry","type-protection","true","tangaberry"
"chartiberry","172","Charti Berry","type-protection","true","chartiberry"
"kasibberry","173","Kasib Berry","type-protection","true","kasibberry"
"habanberry","174","Haban Berry","type-protection","true","habanberry"
"colburberry","175","Colbur Berry","type-protection","true","colburberry"
"babiriberry","176","Babiri Berry","type-protection","true","babiriberry"
"chilanberry","177","Chilan Berry","type-protection","true","chilanberry"
"liechiberry","178","Liechi Berry","in-a-pinch","true","liechiberry"
"ganlonberry","179","Ganlon Berry","in-a-pinch","true","ganlonberry"
"salacberry","180","Salac Berry","in-a-pinch","true","salacberry"
"petayaberry","181","Petaya Berry","in-a-pinch","true","petayaberry"
"apicotberry","182","Apicot Berry","in-a-pinch","true","apicotberry"
"lansatberry","183","Lansat Berry","in-a-pinch","true","lansatberry"
"starfberry","184","Starf Berry","in-a-pinch","true","starfberry"
"enigmaberry","185","Enigma Berry","other","true","enigmaberry"
"micleberry","186","Micle Berry","in-a-pinch","true","micleberry"
"custapberry","187","Custap Berry","in-a-pinch","true","custapberry"
"jabocaberry","188","Jaboca Berry","other","true","jabocaberry"
"rowapberry","189","Rowap Berry","other","true","rowapberry"
"brightpowder","190","Bright Powder","held-items","true","brightpowder"
"whiteherb","191","White Herb","held-items","true","whiteherb"
"machobrace","192","Macho Brace","effort-training","true","machobrace"
"expshare","193","Exp. Share","training","true","expshare"
"quickclaw","194","Quick Claw","held-items","true","quickclaw"
"soothebell","195","Soothe Bell","training","true","soothebell"
"mentalherb","196","Mental Herb","held-items","true","mentalherb"
"choiceband","197","Choice Band","choice","true","choiceband"
"kingsrock","198","King’s Rock","held-items","true","kingsrock"
"silverpowder","199","Silver Powder","type-enhancement","true","silverpowder"
"amuletcoin","200","Amulet Coin","training","true","amuletcoin"
"cleansetag","201","Cleanse Tag","training","true","cleansetag"
"souldew","202","Soul Dew","species-specific","true","souldew"
"deepseatooth","203","Deep Sea Tooth","species-specific","true","deepseatooth"
"deepseascale","204","Deep Sea Scale","species-specific","true","deepseascale"
"smokeball","205","Smoke Ball","held-items","true","smokeball"
"everstone","206","Everstone","training","true","everstone"
"focusband","207","Focus Band","held-items","true","focusband"
"luckyegg","208","Lucky Egg","training","true","luckyegg"
"scopelens","209","Scope Lens","held-items","true","scopelens"
"metalcoat","210","Metal Coat","type-enhancement","true","metalcoat"
"leftovers","211","Leftovers","held-items","true","leftovers"
"dragonscale","212","Dragon Scale","evolution","true","dragonscale"
"lightball","213","Light Ball","species-specific","true","lightball"
"softsand","214","Soft Sand","type-enhancement","true","softsand"
"hardstone","215","Hard Stone","type-enhancement","true","hardstone"
"miracleseed","216","Miracle Seed","type-enhancement","true","miracleseed"
"blackglasses","217","Black Glasses","type-enhancement","true","blackglasses"
"blackbelt","218","Black Belt","type-enhancement","true","blackbelt"
"magnet","219","Magnet","type-enhancement","true","magnet"
"mysticwater","220","Mystic Water","type-enhancement","true","mysticwater"
"sharpbeak","221","Sharp Beak","type-enhancement","true","sharpbeak"
"poisonbarb","222","Poison Barb","type-enhancement","true","poisonbarb"
"nevermeltice","223","Never-Melt Ice","type-enhancement","true","nevermeltice"
"spelltag","224","Spell Tag","type-enhancement","true","spelltag"
"twistedspoon","225","Twisted Spoon","type-enhancement","true","twistedspoon"
"charcoal","226","Charcoal","type-enhancement","true","charcoal"
"dragonfang","227","Dragon Fang","type-enhancement","true","dragonfang"
"silkscarf","228","Silk Scarf","type-enhancement","true","silkscarf"
"upgrade","229","Upgrade","evolution","true","upgrade"
"shellbell","230","Shell Bell","held-items","true","shellbell"
"seaincense","231","Sea Incense","type-enhancement","true","seaincense"
"laxincense","232","Lax Incense","held-items","true","laxincense"
"luckypunch","233","Lucky Punch","species-specific","true","luckypunch"
"metalpowder","234","Metal Powder","species-specific","true","metalpowder"
"thickclub","235","Thick Club","species-specific","true","thickclub"
"stick","236","Leek","species-specific","true","stick"
"redscarf","237","Red Scarf","scarves","true","redscarf"
"bluescarf","238","Blue Scarf","scarves","true","bluescarf"
"pinkscarf","239","Pink Scarf","scarves","true","pinkscarf"
"greenscarf","240","Green Scarf","scarves","true","greenscarf"
"yellowscarf","241","Yellow Scarf","scarves","true","yellowscarf"
"widelens","242","Wide Lens","held-items","true","widelens"
"muscleband","243","Muscle Band","held-items","true","muscleband"
"wiseglasses","244","Wise Glasses","held-items","true","wiseglasses"
"expertbelt","245","Expert Belt","held-items","true","expertbelt"
"lightclay","246","Light Clay","held-items","true","lightclay"
"lifeorb","247","Life Orb","held-items","true","lifeorb"
"powerherb","248","Power Herb","held-items","true","powerherb"
"toxicorb","249","Toxic Orb","bad-held-items","true","toxicorb"
"flameorb","250","Flame Orb","bad-held-items","true","flameorb"
"quickpowder","251","Quick Powder","species-specific","true","quickpowder"
"focussash","252","Focus Sash","held-items","true","focussash"
"zoomlens","253","Zoom Lens","held-items","true","zoomlens"
"metronome","254","Metronome","held-items","true","metronome"
"ironball","255","Iron Ball","bad-held-items","true","ironball"
"laggingtail","256","Lagging Tail","bad-held-items","true","laggingtail"
"destinyknot","257","Destiny Knot","held-items","true","destinyknot"
"blacksludge","258","Black Sludge","held-items","true","blacksludge"
"icyrock","259","Icy Rock","held-items","true","icyrock"
"smoothrock","260","Smooth Rock","held-items","true","smoothrock"
"heatrock","261","Heat Rock","held-items","true","heatrock"
"damprock","262","Damp Rock","held-items","true","damprock"
"gripclaw","263","Grip Claw","held-items","true","gripclaw"
"choicescarf","264","Choice Scarf","choice","true","choicescarf"
"stickybarb","265","Sticky Barb","bad-held-items","true","stickybarb"
"powerbracer","266","Power Bracer","effort-training","true","powerbracer"
"powerbelt","267","Power Belt","effort-training","true","powerbelt"
"powerlens","268","Power Lens","effort-training","true","powerlens"
"powerband","269","Power Band","effort-training","true","powerband"
"poweranklet","270","Power Anklet","effort-training","true","poweranklet"
"powerweight","271","Power Weight","effort-training","true","powerweight"
"shedshell","272","Shed Shell","held-items","true","shedshell"
"bigroot","273","Big Root","held-items","true","bigroot"
"choicespecs","274","Choice Specs","choice","true","choicespecs"
"flameplate","275","Flame Plate","plates","true","flameplate"
"splashplate","276","Splash Plate","plates","true","splashplate"
"zapplate","277","Zap Plate","plates","true","zapplate"
"meadowplate","278","Meadow Plate","plates","true","meadowplate"
"icicleplate","279","Icicle Plate","plates","true","icicleplate"
"fistplate","280","Fist Plate","plates","true","fistplate"
"toxicplate","281","Toxic Plate","plates","true","toxicplate"
"earthplate","282","Earth Plate","plates","true","earthplate"
"skyplate","283","Sky Plate","plates","true","skyplate"
"mindplate","284","Mind Plate","plates","true","mindplate"
"insectplate","285","Insect Plate","plates","true","insectplate"
"stoneplate","286","Stone Plate","plates","true","stoneplate"
"spookyplate","287","Spooky Plate","plates","true","spookyplate"
"dracoplate","288","Draco Plate","plates","true","dracoplate"
"dreadplate","289","Dread Plate","plates","true","dreadplate"
"ironplate","290","Iron Plate","plates","true","ironplate"
"oddincense","291","Odd Incense","type-enhancement","true","oddincense"
"rockincense","292","Rock Incense","type-enhancement","true","rockincense"
"fullincense","293","Full Incense","bad-held-items","true","fullincense"
"waveincense","294","Wave Incense","type-enhancement","true","waveincense"
"roseincense","295","Rose Incense","type-enhancement","true","roseincense"
"luckincense","296","Luck Incense","training","true","luckincense"
"pureincense","297","Pure Incense","training","true","pureincense"
"protector","298","Protector","evolution","true","protector"
"electirizer","299","Electirizer","evolution","true","electirizer"
"magmarizer","300","Magmarizer","evolution","true","magmarizer"
"dubiousdisc","301","Dubious Disc","evolution","true","dubiousdisc"
"reapercloth","302","Reaper Cloth","evolution","true","reapercloth"
"razorclaw","303","Razor Claw","held-items","true","razorclaw"
"razorfang","304","Razor Fang","held-items","true","razorfang"
"tm01","305","TM01","all-machines","true","tm01"
"tm02","306","TM02","all-machines","true","tm02"
"tm03","307","TM03","all-machines","true","tm03"
"tm04","308","TM04","all-machines","true","tm04"
"tm05","309","TM05","all-machines","true","tm05"
"tm06","310","TM06","all-machines","true","tm06"
"tm07","311","TM07","all-machines","true","tm07"
"tm08","312","TM08","all-machines","true","tm08"
"tm09","313","TM09","all-machines","true","tm09"
"tm10","314","TM10","all-machines","true","tm10"
"tm11","315","TM11","all-machines","true","tm11"
"tm12","316","TM12","all-machines","true","tm12"
"tm13","317","TM13","all-machines","true","tm13"
"tm14","318","TM14","all-machines","true","tm14"
"tm15","319","TM15","all-machines","true","tm15"
"tm16","320","TM16","all-machines","true","tm16"
"tm17","321","TM17","all-machines","true","tm17"
"tm18","322","TM18","all-machines","true","tm18"
"tm19","323","TM19","all-machines","true","tm19"
"tm20","324","TM20","all-machines","true","tm20"
"tm21","325","TM21","all-machines","true","tm21"
"tm22","326","TM22","all-machines","true","tm22"
"tm23","327","TM23","all-machines","true","tm23"
"tm24","328","TM24","all-machines","true","tm24"
"tm25","329","TM25","all-machines","true","tm25"
"tm26","330","TM26","all-machines","true","tm26"
"tm27","331","TM27","all-machines","true","tm27"
"tm28","332","TM28","all-machines","true","tm28"
"tm29","333","TM29","all-machines","true","tm29"
"tm30","334","TM30","all-machines","true","tm30"
"tm31","335","TM31","all-machines","true","tm31"
"tm32","336","TM32","all-machines","true","tm32"
"tm33","337","TM33","all-machines","true","tm33"
"tm34","338","TM34","all-machines","true","tm34"
"tm35","339","TM35","all-machines","true","tm35"
"tm36","340","TM36","all-machines","true","tm36"
"tm37","341","TM37","all-machines","true","tm37"
"tm38","342","TM38","all-machines","true","tm38"
"tm39","343","TM39","all-machines","true","tm39"
"tm40","344","TM40","all-machines","true","tm40"
"tm41","345","TM41","all-machines","true","tm41"
"tm42","346","TM42","all-machines","true","tm42"
"tm43","347","TM43","all-machines","true","tm43"
"tm44","348","TM44","all-machines","true","tm44"
"tm45","349","TM45","all-machines","true","tm45"
"tm46","350","TM46","all-machines","true","tm46"
"tm47","351","TM47","all-machines","true","tm47"
"tm48","352","TM48","all-machines","true","tm48"
"tm49","353","TM49","all-machines","true","tm49"
"tm50","354","TM50","all-machines","true","tm50"
"tm51","355","TM51","all-machines","true","tm51"
"tm52","356","TM52","all-machines","true","tm52"
"tm53","357","TM53","all-machines","true","tm53"
"tm54","358","TM54","all-machines","true","tm54"
"tm55","359","TM55","all-machines","true","tm55"
"tm56","360","TM56","all-machines","true","tm56"
"tm57","361","TM57","all-machines","true","tm57"
"tm58","362","TM58","all-machines","true","tm58"
"tm59","363","TM59","all-machines","true","tm59"
"tm60","364","TM60","all-machines","true","tm60"
"tm61","365","TM61","all-machines","true","tm61"
"tm62","366","TM62","all-machines","true","tm62"
"tm63","367","TM63","all-machines","true","tm63"
"tm64","368","TM64","all-machines","true","tm64"
"tm65","369","TM65","all-machines","true","tm65"
"tm66","370","TM66","all-machines","true","tm66"
"tm67","371","TM67","all-machines","true","tm67"
"tm68","372","TM68","all-machines","true","tm68"
"tm69","373","TM69","all-machines","true","tm69"
"tm70","374","TM70","all-machines","true","tm70"
"tm71","375","TM71","all-machines","true","tm71"
"tm72","376","TM72","all-machines","true","tm72"
"tm73","377","TM73","all-machines","true","tm73"
"tm74","378","TM74","all-machines","true","tm74"
"tm75","379","TM75","all-machines","true","tm75"
"tm76","380","TM76","all-machines","true","tm76"
"tm77","381","TM77","all-machines","true","tm77"
"tm78","382","TM78","all-machines","true","tm78"
"tm79","383","TM79","all-machines","true","tm79"
"tm80","384","TM80","all-machines","true","tm80"
"tm81","385","TM81","all-machines","true","tm81"
"tm82","386","TM82","all-machines","true","tm82"
"tm83","387","TM83","all-machines","true","tm83"
"tm84","388","TM84","all-machines","true","tm84"
"tm85","389","TM85","all-machines","true","tm85"
"tm86","390","TM86","all-machines","true","tm86"
"tm87","391","TM87","all-machines","true","tm87"
"tm88","392","TM88","all-machines","true","tm88"
"tm89","393","TM89","all-machines","true","tm89"
"tm90","394","TM90","all-machines","true","tm90"
"tm91","395","TM91","all-machines","true","tm91"
"tm92","396","TM92","all-machines","true","tm92"
"hm01","397","HM01","all-machines","true","hm01"
"hm02","398","HM02","all-machines","true","hm02"
"hm03","399","HM03","all-machines","true","hm03"
"hm04","400","HM04","all-machines","true","hm04"
"hm05","401","HM05","all-machines","true","hm05"
"hm06","402","HM06","all-machines","true","hm06"
"hm07","403","HM07","all-machines","true","hm07"
"hm08","404","HM08","all-machines","true","hm08"
"explorerkit","405","Explorer Kit","gameplay","true","explorerkit"
"lootsack","406","Loot Sack","unused","true","lootsack"
"rulebook","407","Rule Book","unused","true","rulebook"
"pokeradar","408","Poké Radar","gameplay","true","pokeradar"
"pointcard","409","Point Card","gameplay","true","pointcard"
"journal","410","Journal","gameplay","true","journal"
"sealcase","411","Seal Case","gameplay","true","sealcase"
"fashioncase","412","Fashion Case","gameplay","true","fashioncase"
"sealbag","413","Seal Bag","unused","true","sealbag"
"palpad","414","Pal Pad","gameplay","true","palpad"
"workskey","415","Works Key","plot-advancement","true","workskey"
"oldcharm","416","Old Charm","plot-advancement","true","oldcharm"
"galactickey","417","Galactic Key","plot-advancement","true","galactickey"
"redchain","418","Red Chain","unused","true","redchain"
"townmap","419","Town Map","gameplay","true","townmap"
"vsseeker","420","Vs. Seeker","gameplay","true","vsseeker"
"coincase","421","Coin Case","gameplay","true","coincase"
"oldrod","422","Old Rod","gameplay","true","oldrod"
"goodrod","423","Good Rod","gameplay","true","goodrod"
"superrod","424","Super Rod","gameplay","true","superrod"
"sprayduck","425","Sprayduck","gameplay","true","sprayduck"
"poffincase","426","Poffin Case","gameplay","true","poffincase"
"bicycle","427","Bicycle","gameplay","true","bicycle"
"suitekey","428","Suite Key","event-items","true","suitekey"
"oaksletter","429","Oak’s Letter","event-items","true","oaksletter"
"lunarwing","430","Lunar Wing","event-items","true","lunarwing"
"membercard","431","Member Card","event-items","true","membercard"
"azureflute","432","Azure Flute","event-items","true","azureflute"
"ssticket","433","S.S. Ticket","plot-advancement","true","ssticket"
"contestpass","434","Contest Pass","gameplay","true","contestpass"
"magmastone","435","Magma Stone","plot-advancement","true","magmastone"
"parcel","436","Parcel","plot-advancement","true","parcel"
"coupon1","437","Coupon 1","plot-advancement","true","coupon1"
"coupon2","438","Coupon 2","plot-advancement","true","coupon2"
"coupon3","439","Coupon 3","plot-advancement","true","coupon3"
"storagekey","440","Storage Key","plot-advancement","true","storagekey"
"secretpotion","441","Secret Potion","plot-advancement","true","secretpotion"
"griseousorb","442","Griseous Orb","species-specific","true","griseousorb"
"vsrecorder","443","Vs. Recorder","gameplay","true","vsrecorder"
"gracidea","444","Gracidea","event-items","true","gracidea"
"secretkey","445","Secret Key","event-items","true","secretkey"
"apricornbox","446","Apricorn Box","gameplay","true","apricornbox"
"berrypots","447","Berry Pots","gameplay","true","berrypots"
"squirtbottle","448","Squirt Bottle","plot-advancement","true","squirtbottle"
"lureball","449","Lure Ball","apricorn-balls","true","lureball"
"levelball","450","Level Ball","apricorn-balls","true","levelball"
"moonball","451","Moon Ball","apricorn-balls","true","moonball"
"heavyball","452","Heavy Ball","apricorn-balls","true","heavyball"
"fastball","453","Fast Ball","apricorn-balls","true","fastball"
"friendball","454","Friend Ball","apricorn-balls","true","friendball"
"loveball","455","Love Ball","apricorn-balls","true","loveball"
"parkball","456","Park Ball","standard-balls","true","parkball"
"sportball","457","Sport Ball","standard-balls","true","sportball"
"redapricorn","458","Red Apricorn","apricorn-box","true","redapricorn"
"blueapricorn","459","Blue Apricorn","apricorn-box","true","blueapricorn"
"yellowapricorn","460","Yellow Apricorn","apricorn-box","true","yellowapricorn"
"greenapricorn","461","Green Apricorn","apricorn-box","true","greenapricorn"
"pinkapricorn","462","Pink Apricorn","apricorn-box","true","pinkapricorn"
"whiteapricorn","463","White Apricorn","apricorn-box","true","whiteapricorn"
"blackapricorn","464","Black Apricorn","apricorn-box","true","blackapricorn"
"dowsingmachine","465","Dowsing Machine","gameplay","true","dowsingmachine"
"ragecandybar","466","Rage Candy Bar","gameplay","true","ragecandybar"
"redorb","467","Red Orb","plot-advancement","true","redorb"
"blueorb","468","Blue Orb","plot-advancement","true","blueorb"
"jadeorb","469","Jade Orb","plot-advancement","true","jadeorb"
"enigmastone","470","Enigma Stone","event-items","true","enigmastone"
"unownreport","471","Unown Report","gameplay","true","unownreport"
"bluecard","472","Blue Card","gameplay","true","bluecard"
"slowpoketail","473","Slowpoke Tail","unused","true","slowpoketail"
"clearbell","474","Clear Bell","plot-advancement","true","clearbell"
"cardkey","475","Card Key","plot-advancement","true","cardkey"
"basementkey","476","Basement Key","plot-advancement","true","basementkey"
"redscale","477","Red Scale","plot-advancement","true","redscale"
"lostitem","478","Lost Item","plot-advancement","true","lostitem"
"pass","479","Pass","plot-advancement","true","pass"
"machinepart","480","Machine Part","plot-advancement","true","machinepart"
"silverwing","481","Silver Wing","plot-advancement","true","silverwing"
"rainbowwing","482","Rainbow Wing","plot-advancement","true","rainbowwing"
"mysteryegg","483","Mystery Egg","plot-advancement","true","mysteryegg"
"gbsounds","484","GB Sounds","gameplay","true","gbsounds"
"tidalbell","485","Tidal Bell","plot-advancement","true","tidalbell"
"datacard01","486","Data Card 01","data-cards","true","datacard01"
"datacard02","487","Data Card 02","data-cards","true","datacard02"
"datacard03","488","Data Card 03","data-cards","true","datacard03"
"datacard04","489","Data Card 04","data-cards","true","datacard04"
"datacard05","490","Data Card 05","data-cards","true","datacard05"
"datacard06","491","Data Card 06","data-cards","true","datacard06"
"datacard07","492","Data Card 07","data-cards","true","datacard07"
"datacard08","493","Data Card 08","data-cards","true","datacard08"
"datacard09","494","Data Card 09","data-cards","true","datacard09"
"datacard10","495","Data Card 10","data-cards","true","datacard10"
"datacard11","496","Data Card 11","data-cards","true","datacard11"
"datacard12","497","Data Card 12","data-cards","true","datacard12"
"datacard13","498","Data Card 13","data-cards","true","datacard13"
"datacard14","499","Data Card 14","data-cards","true","datacard14"
"datacard15","500","Data Card 15","data-cards","true","datacard15"
"datacard16","501","Data Card 16","data-cards","true","datacard16"
"datacard17","502","Data Card 17","data-cards","true","datacard17"
"datacard18","503","Data Card 18","data-cards","true","datacard18"
"datacard19","504","Data Card 19","data-cards","true","datacard19"
"datacard20","505","Data Card 20","data-cards","true","datacard20"
"datacard21","506","Data Card 21","data-cards","true","datacard21"
"datacard22","507","Data Card 22","data-cards","true","datacard22"
"datacard23","508","Data Card 23","data-cards","true","datacard23"
"datacard24","509","Data Card 24","data-cards","true","datacard24"
"datacard25","510","Data Card 25","data-cards","true","datacard25"
"datacard26","511","Data Card 26","data-cards","true","datacard26"
"datacard27","512","Data Card 27","data-cards","true","datacard27"
"lockcapsule","513","Lock Capsule","unused","true","lockcapsule"
"photoalbum","514","Photo Album","unused","true","photoalbum"
"orangemail","515","Orange Mail","all-mail","true","orangemail"
"harbormail","516","Harbor Mail","all-mail","true","harbormail"
"glittermail","517","Glitter Mail","all-mail","true","glittermail"
"mechmail","518","Mech Mail","all-mail","true","mechmail"
"woodmail","519","Wood Mail","all-mail","true","woodmail"
"wavemail","520","Wave Mail","all-mail","true","wavemail"
"beadmail","521","Bead Mail","all-mail","true","beadmail"
"shadowmail","522","Shadow Mail","all-mail","true","shadowmail"
"tropicmail","523","Tropic Mail","all-mail","true","tropicmail"
"dreammail","524","Dream Mail","all-mail","true","dreammail"
"fabmail","525","Fab Mail","all-mail","true","fabmail"
"retromail","526","Retro Mail","all-mail","true","retromail"
"machbike","527","Mach Bike","gameplay","true","machbike"
"acrobike","528","Acro Bike","gameplay","true","acrobike"
"wailmerpail","529","Wailmer Pail","gameplay","true","wailmerpail"
"devongoods","530","Devon Goods","plot-advancement","true","devongoods"
"sootsack","531","Soot Sack","gameplay","true","sootsack"
"pokeblockcase","532","Pokéblock Case","gameplay","true","pokeblockcase"
"letter","533","Letter","plot-advancement","true","letter"
"eonticket","534","Eon Ticket","event-items","true","eonticket"
"scanner","535","Scanner","plot-advancement","true","scanner"
"gogoggles","536","Go-Goggles","gameplay","true","gogoggles"
"meteorite","537","Meteorite","plot-advancement","true","meteorite"
"rm1key","538","Rm. 1 Key","plot-advancement","true","rm1key"
"rm2key","539","Rm. 2 Key","plot-advancement","true","rm2key"
"rm4key","540","Rm. 4 Key","plot-advancement","true","rm4key"
"rm6key","541","Rm. 6 Key","plot-advancement","true","rm6key"
"devonscope","542","Devon Scope","gameplay","true","devonscope"
"oaksparcel","543","Oak’s Parcel","plot-advancement","true","oaksparcel"
"pokeflute","544","Poké Flute","plot-advancement","true","pokeflute"
"bikevoucher","545","Bike Voucher","plot-advancement","true","bikevoucher"
"goldteeth","546","Gold Teeth","plot-advancement","true","goldteeth"
"liftkey","547","Lift Key","plot-advancement","true","liftkey"
"silphscope","548","Silph Scope","plot-advancement","true","silphscope"
"famechecker","549","Fame Checker","gameplay","true","famechecker"
"tmcase","550","TM Case","gameplay","true","tmcase"
"berrypouch","551","Berry Pouch","gameplay","true","berrypouch"
"teachytv","552","Teachy TV","gameplay","true","teachytv"
"tripass","553","Tri-Pass","plot-advancement","true","tripass"
"rainbowpass","554","Rainbow Pass","plot-advancement","true","rainbowpass"
"tea","555","Tea","plot-advancement","true","tea"
"mysticticket","556","MysticTicket","event-items","true","mysticticket"
"auroraticket","557","AuroraTicket","event-items","true","auroraticket"
"powderjar","558","Powder Jar","gameplay","true","powderjar"
"ruby","559","Ruby","plot-advancement","true","ruby"
"sapphire","560","Sapphire","plot-advancement","true","sapphire"
"magmaemblem","561","Magma Emblem","plot-advancement","true","magmaemblem"
"oldseamap","562","Old Sea Map","event-items","true","oldseamap"
"dousedrive","563","Douse Drive","species-specific","true","dousedrive"
"shockdrive","564","Shock Drive","species-specific","true","shockdrive"
"burndrive","565","Burn Drive","species-specific","true","burndrive"
"chilldrive","566","Chill Drive","species-specific","true","chilldrive"
"sweetheart","567","Sweet Heart","healing","true","sweetheart"
"greetmail","568","Greet Mail","all-mail","true","greetmail"
"favoredmail","569","Favored Mail","all-mail","true","favoredmail"
"rsvpmail","570","RSVP Mail","all-mail","true","rsvpmail"
"thanksmail","571","Thanks Mail","all-mail","true","thanksmail"
"inquirymail","572","Inquiry Mail","all-mail","true","inquirymail"
"likemail","573","Like Mail","all-mail","true","likemail"
"replymail","574","Reply Mail","all-mail","true","replymail"
"bridgemails","575","Bridge Mail S","all-mail","true","bridgemails"
"bridgemaild","576","Bridge Mail D","all-mail","true","bridgemaild"
"bridgemailt","577","Bridge Mail T","all-mail","true","bridgemailt"
"bridgemailv","578","Bridge Mail V","all-mail","true","bridgemailv"
"bridgemailm","579","Bridge Mail M","all-mail","true","bridgemailm"
"prismscale","580","Prism Scale","evolution","true","prismscale"
"eviolite","581","Eviolite","held-items","true","eviolite"
"floatstone","582","Float Stone","held-items","true","floatstone"
"rockyhelmet","583","Rocky Helmet","held-items","true","rockyhelmet"
"airballoon","584","Air Balloon","held-items","true","airballoon"
"redcard","585","Red Card","held-items","true","redcard"
"ringtarget","586","Ring Target","held-items","true","ringtarget"
"bindingband","587","Binding Band","held-items","true","bindingband"
"absorbbulb","588","Absorb Bulb","held-items","true","absorbbulb"
"cellbattery","589","Cell Battery","held-items","true","cellbattery"
"ejectbutton","590","Eject Button","held-items","true","ejectbutton"
"firegem","591","Fire Gem","jewels","true","firegem"
"watergem","592","Water Gem","jewels","true","watergem"
"electricgem","593","Electric Gem","jewels","true","electricgem"
"grassgem","594","Grass Gem","jewels","true","grassgem"
"icegem","595","Ice Gem","jewels","true","icegem"
"fightinggem","596","Fighting Gem","jewels","true","fightinggem"
"poisongem","597","Poison Gem","jewels","true","poisongem"
"groundgem","598","Ground Gem","jewels","true","groundgem"
"flyinggem","599","Flying Gem","jewels","true","flyinggem"
"psychicgem","600","Psychic Gem","jewels","true","psychicgem"
"buggem","601","Bug Gem","jewels","true","buggem"
"rockgem","602","Rock Gem","jewels","true","rockgem"
"ghostgem","603","Ghost Gem","jewels","true","ghostgem"
"darkgem","604","Dark Gem","jewels","true","darkgem"
"steelgem","605","Steel Gem","jewels","true","steelgem"
"healthwing","606","Health Feather","vitamins","true","healthwing"
"musclewing","607","Muscle Feather","vitamins","true","musclewing"
"resistwing","608","Resist Feather","vitamins","true","resistwing"
"geniuswing","609","Genius Feather","vitamins","true","geniuswing"
"cleverwing","610","Clever Feather","vitamins","true","cleverwing"
"swiftwing","611","Swift Feather","vitamins","true","swiftwing"
"prettywing","612","Pretty Feather","loot","true","prettywing"
"coverfossil","613","Cover Fossil","dex-completion","true","coverfossil"
"plumefossil","614","Plume Fossil","dex-completion","true","plumefossil"
"libertypass","615","Liberty Pass","event-items","true","libertypass"
"passorb","616","Pass Orb","held-items","true","passorb"
"dreamball","617","Dream Ball","special-balls","true","dreamball"
"poketoy","618","Poké Toy","spelunking","true","poketoy"
"propcase","619","Prop Case","gameplay","true","propcase"
"dragonskull","620","Dragon Skull","plot-advancement","true","dragonskull"
"balmmushroom","621","Balm Mushroom","loot","true","balmmushroom"
"bignugget","622","Big Nugget","loot","true","bignugget"
"pearlstring","623","Pearl String","loot","true","pearlstring"
"cometshard","624","Comet Shard","loot","true","cometshard"
"reliccopper","625","Relic Copper","loot","true","reliccopper"
"relicsilver","626","Relic Silver","loot","true","relicsilver"
"relicgold","627","Relic Gold","loot","true","relicgold"
"relicvase","628","Relic Vase","loot","true","relicvase"
"relicband","629","Relic Band","loot","true","relicband"
"relicstatue","630","Relic Statue","loot","true","relicstatue"
"reliccrown","631","Relic Crown","loot","true","reliccrown"
"casteliacone","632","Casteliacone","status-cures","true","casteliacone"
"direhit2","633","Dire Hit 2","miracle-shooter","true","direhit2"
"xspeed2","634","X Speed 2","miracle-shooter","true","xspeed2"
"xspatk2","635","X Sp. Atk 2","miracle-shooter","true","xspatk2"
"xspdef2","636","X Sp. Def 2","miracle-shooter","true","xspdef2"
"xdefense2","637","X Defense 2","miracle-shooter","true","xdefense2"
"xattack2","638","X Attack 2","miracle-shooter","true","xattack2"
"xaccuracy2","639","X Accuracy 2","miracle-shooter","true","xaccuracy2"
"xspeed3","640","X Speed 3","miracle-shooter","true","xspeed3"
"xspatk3","641","X Sp. Atk 3","miracle-shooter","true","xspatk3"
"xspdef3","642","X Sp. Def 3","miracle-shooter","true","xspdef3"
"xdefense3","643","X Defense 3","miracle-shooter","true","xdefense3"
"xattack3","644","X Attack 3","miracle-shooter","true","xattack3"
"xaccuracy3","645","X Accuracy 3","miracle-shooter","true","xaccuracy3"
"xspeed6","646","X Speed 6","miracle-shooter","true","xspeed6"
"xspatk6","647","X Sp. Atk 6","miracle-shooter","true","xspatk6"
"xspdef6","648","X Sp. Def 6","miracle-shooter","true","xspdef6"
"xdefense6","649","X Defense 6","miracle-shooter","true","xdefense6"
"xattack6","650","X Attack 6","miracle-shooter","true","xattack6"
"xaccuracy6","651","X Accuracy 6","miracle-shooter","true","xaccuracy6"
"abilityurge","652","Ability Urge","miracle-shooter","true","abilityurge"
"itemdrop","653","Item Drop","miracle-shooter","true","itemdrop"
"itemurge","654","Item Urge","miracle-shooter","true","itemurge"
"reseturge","655","Reset Urge","miracle-shooter","true","reseturge"
"direhit3","656","Dire Hit 3","miracle-shooter","true","direhit3"
"lightstone","657","Light Stone","plot-advancement","true","lightstone"
"darkstone","658","Dark Stone","plot-advancement","true","darkstone"
"tm93","659","TM93","all-machines","true","tm93"
"tm94","660","TM94","all-machines","true","tm94"
"tm95","661","TM95","all-machines","true","tm95"
"xtransceiver","662","Xtransceiver","gameplay","true","xtransceiver"
"godstone","663","god stone","unused","true","godstone"
"gram1","664","Gram 1","plot-advancement","true","gram1"
"gram2","665","Gram 2","plot-advancement","true","gram2"
"gram3","666","Gram 3","plot-advancement","true","gram3"
"dragongem","668","Dragon Gem","jewels","true","dragongem"
"normalgem","669","Normal Gem","jewels","true","normalgem"
"medalbox","670","Medal Box","gameplay","true","medalbox"
"dnasplicers","671","DNA Splicers","gameplay","true","dnasplicers"
"permit","673","Permit","gameplay","true","permit"
"ovalcharm","674","Oval Charm","gameplay","true","ovalcharm"
"shinycharm","675","Shiny Charm","gameplay","true","shinycharm"
"plasmacard","676","Plasma Card","plot-advancement","true","plasmacard"
"grubbyhanky","677","Grubby Hanky","plot-advancement","true","grubbyhanky"
"colressmachine","678","Colress Machine","plot-advancement","true","colressmachine"
"droppeditem","679","Dropped Item","plot-advancement","true","droppeditem"
"revealglass","681","Reveal Glass","gameplay","true","revealglass"
"weaknesspolicy","682","Weakness Policy","held-items","true","weaknesspolicy"
"assaultvest","683","Assault Vest","held-items","true","assaultvest"
"pixieplate","684","Pixie Plate","plates","true","pixieplate"
"abilitycapsule","685","Ability Capsule","vitamins","true","abilitycapsule"
"whippeddream","686","Whipped Dream","evolution","true","whippeddream"
"sachet","687","Sachet","evolution","true","sachet"
"luminousmoss","688","Luminous Moss","held-items","true","luminousmoss"
"snowball","689","Snowball","held-items","true","snowball"
"safetygoggles","690","Safety Goggles","held-items","true","safetygoggles"
"richmulch","691","Rich Mulch","mulch","true","richmulch"
"surprisemulch","692","Surprise Mulch","mulch","true","surprisemulch"
"boostmulch","693","Boost Mulch","mulch","true","boostmulch"
"amazemulch","694","Amaze Mulch","mulch","true","amazemulch"
"gengarite","695","Gengarite","mega-stones","true","gengarite"
"gardevoirite","696","Gardevoirite","mega-stones","true","gardevoirite"
"ampharosite","697","Ampharosite","mega-stones","true","ampharosite"
"venusaurite","698","Venusaurite","mega-stones","true","venusaurite"
"charizarditex","699","Charizardite X","mega-stones","true","charizarditex"
"blastoisinite","700","Blastoisinite","mega-stones","true","blastoisinite"
"mewtwonitex","701","Mewtwonite X","mega-stones","true","mewtwonitex"
"mewtwonitey","702","Mewtwonite Y","mega-stones","true","mewtwonitey"
"blazikenite","703","Blazikenite","mega-stones","true","blazikenite"
"medichamite","704","Medichamite","mega-stones","true","medichamite"
"houndoominite","705","Houndoominite","mega-stones","true","houndoominite"
"aggronite","706","Aggronite","mega-stones","true","aggronite"
"banettite","707","Banettite","mega-stones","true","banettite"
"tyranitarite","708","Tyranitarite","mega-stones","true","tyranitarite"
"scizorite","709","Scizorite","mega-stones","true","scizorite"
"pinsirite","710","Pinsirite","mega-stones","true","pinsirite"
"aerodactylite","711","Aerodactylite","mega-stones","true","aerodactylite"
"lucarionite","712","Lucarionite","mega-stones","true","lucarionite"
"abomasite","713","Abomasite","mega-stones","true","abomasite"
"kangaskhanite","714","Kangaskhanite","mega-stones","true","kangaskhanite"
"gyaradosite","715","Gyaradosite","mega-stones","true","gyaradosite"
"absolite","716","Absolite","mega-stones","true","absolite"
"charizarditey","717","Charizardite Y","mega-stones","true","charizarditey"
"alakazite","718","Alakazite","mega-stones","true","alakazite"
"heracronite","719","Heracronite","mega-stones","true","heracronite"
"mawilite","720","Mawilite","mega-stones","true","mawilite"
"manectite","721","Manectite","mega-stones","true","manectite"
"garchompite","722","Garchompite","mega-stones","true","garchompite"
"roseliberry","723","Roseli Berry","type-protection","true","roseliberry"
"keeberry","724","Kee Berry","other","true","keeberry"
"marangaberry","725","Maranga Berry","other","true","marangaberry"
"discountcoupon","726","Discount Coupon","loot","true","discountcoupon"
"strangesouvenir","727","Strange Souvenir","loot","true","strangesouvenir"
"lumiosegalette","728","Lumiose Galette","status-cures","true","lumiosegalette"
"jawfossil","729","Jaw Fossil","dex-completion","true","jawfossil"
"sailfossil","730","Sail Fossil","dex-completion","true","sailfossil"
"fairygem","731","Fairy Gem","jewels","true","fairygem"
"adventurerules","732","Adventure Guide","gameplay","true","adventurerules"
"elevatorkey","733","Elevator Key","plot-advancement","true","elevatorkey"
"holocaster","734","Holo Caster","gameplay","true","holocaster"
"honorofkalos","735","Honor of Kalos","plot-advancement","true","honorofkalos"
"intriguingstone","736","Intriguing Stone","plot-advancement","true","intriguingstone"
"lenscase","737","Lens Case","gameplay","true","lenscase"
"lookerticket","738","Looker Ticket","plot-advancement","true","lookerticket"
"megaring","739","Mega Ring","gameplay","true","megaring"
"powerplantpass","740","Power Plant Pass","plot-advancement","true","powerplantpass"
"profsletter","741","Prof’s Letter","plot-advancement","true","profsletter"
"rollerskates","742","Roller Skates","gameplay","true","rollerskates"
"sprinklotad","743","Sprinklotad","gameplay","true","sprinklotad"
"tmvpass","744","TMV Pass","gameplay","true","tmvpass"
"tm96","745","TM96","all-machines","true","tm96"
"tm97","746","TM97","all-machines","true","tm97"
"tm98","747","TM98","all-machines","true","tm98"
"tm99","748","TM99","all-machines","true","tm99"
"tm100","749","TM100","all-machines","true","tm100"
"latiasite","760","Latiasite","mega-stones","true","latiasite"
"latiosite","761","Latiosite","mega-stones","true","latiosite"
"commonstone","762","Common Stone","unused","true","commonstone"
"makeupbag","763","Makeup Bag","gameplay","true","makeupbag"
"traveltrunk","764","Travel Trunk","unused","true","traveltrunk"
"shaloursable","765","Shalour Sable","status-cures","true","shaloursable"
"megacharm","768","Mega Charm","unused","true","megacharm"
"megaglove","769","Mega Glove","unused","true","megaglove"
"devonparts","770","Devon Parts","plot-advancement","true","devonparts"
"pokeblockkit","772","Pokéblock Kit","gameplay","true","pokeblockkit"
"keytoroom1","773","Key to Room 1","plot-advancement","true","keytoroom1"
"keytoroom2","774","Key to Room 2","plot-advancement","true","keytoroom2"
"keytoroom4","775","Key to Room 4","plot-advancement","true","keytoroom4"
"keytoroom6","776","Key to Room 6","plot-advancement","true","keytoroom6"
"devonscubagear","779","Devon Scuba Gear","plot-advancement","true","devonscubagear"
"contestcostumejacket","780","Contest Costume","gameplay","true","contestcostumejacket"
"magmasuit","782","Magma Suit","plot-advancement","true","magmasuit"
"aquasuit","783","Aqua Suit","plot-advancement","true","aquasuit"
"pairoftickets","784","Pair of Tickets","plot-advancement","true","pairoftickets"
"megabracelet","785","Mega Bracelet","gameplay","true","megabracelet"
"megapendant","786","Mega Pendant","unused","true","megapendant"
"megaglasses","787","Mega Glasses","unused","true","megaglasses"
"megaanchor","788","Mega Anchor","unused","true","megaanchor"
"megastickpin","789","Mega Stickpin","unused","true","megastickpin"
"megatiara","790","Mega Tiara","unused","true","megatiara"
"megaanklet","791","Mega Anklet","unused","true","megaanklet"
"swampertite","793","Swampertite","mega-stones","true","swampertite"
"sceptilite","794","Sceptilite","mega-stones","true","sceptilite"
"sablenite","795","Sablenite","mega-stones","true","sablenite"
"altarianite","796","Altarianite","mega-stones","true","altarianite"
"galladite","797","Galladite","mega-stones","true","galladite"
"audinite","798","Audinite","mega-stones","true","audinite"
"metagrossite","799","Metagrossite","mega-stones","true","metagrossite"
"sharpedonite","800","Sharpedonite","mega-stones","true","sharpedonite"
"slowbronite","801","Slowbronite","mega-stones","true","slowbronite"
"steelixite","802","Steelixite","mega-stones","true","steelixite"
"pidgeotite","803","Pidgeotite","mega-stones","true","pidgeotite"
"glalitite","804","Glalitite","mega-stones","true","glalitite"
"diancite","805","Diancite","mega-stones","true","diancite"
"prisonbottle","806","Prison Bottle","gameplay","true","prisonbottle"
"megacuff","807","Mega Cuff","unused","true","megacuff"
"cameruptite","808","Cameruptite","mega-stones","true","cameruptite"
"lopunnite","809","Lopunnite","mega-stones","true","lopunnite"
"salamencite","810","Salamencite","mega-stones","true","salamencite"
"beedrillite","811","Beedrillite","mega-stones","true","beedrillite"
"keystone","814","Key Stone","gameplay","true","keystone"
"meteoriteshard","815","Meteorite Shard","plot-advancement","true","meteoriteshard"
"eonflute","816","Eon Flute","gameplay","true","eonflute"
"normaliumzheld","817","Normalium Z","z-crystals","true","normaliumzheld"
"firiumzheld","818","Firium Z","z-crystals","true","firiumzheld"
"wateriumzheld","819","Waterium Z","z-crystals","true","wateriumzheld"
"electriumzheld","820","Electrium Z","z-crystals","true","electriumzheld"
"grassiumzheld","821","Grassium Z","z-crystals","true","grassiumzheld"
"iciumzheld","822","Icium Z","z-crystals","true","iciumzheld"
"fightiniumzheld","823","Fightinium Z","z-crystals","true","fightiniumzheld"
"poisoniumzheld","824","Poisonium Z","z-crystals","true","poisoniumzheld"
"groundiumzheld","825","Groundium Z","z-crystals","true","groundiumzheld"
"flyiniumzheld","826","Flyinium Z","z-crystals","true","flyiniumzheld"
"psychiumzheld","827","Psychium Z","z-crystals","true","psychiumzheld"
"buginiumzheld","828","Buginium Z","z-crystals","true","buginiumzheld"
"rockiumzheld","829","Rockium Z","z-crystals","true","rockiumzheld"
"ghostiumzheld","830","Ghostium Z","z-crystals","true","ghostiumzheld"
"dragoniumzheld","831","Dragonium Z","z-crystals","true","dragoniumzheld"
"darkiniumzheld","832","Darkinium Z","z-crystals","true","darkiniumzheld"
"steeliumzheld","833","Steelium Z","z-crystals","true","steeliumzheld"
"fairiumzheld","834","Fairium Z","z-crystals","true","fairiumzheld"
"pikaniumzheld","835","Pikanium Z","z-crystals","true","pikaniumzheld"
"bottlecap","836","Bottle Cap","loot","true","bottlecap"
"goldbottlecap","837","Gold Bottle Cap","loot","true","goldbottlecap"
"zring","838","Z-Ring","gameplay","true","zring"
"decidiumzheld","839","Decidium Z","z-crystals","true","decidiumzheld"
"inciniumzheld","840","Incinium Z","z-crystals","true","inciniumzheld"
"primariumzheld","841","Primarium Z","z-crystals","true","primariumzheld"
"tapuniumzheld","842","Tapunium Z","z-crystals","true","tapuniumzheld"
"marshadiumzheld","843","Marshadium Z","z-crystals","true","marshadiumzheld"
"aloraichiumzheld","844","Aloraichium Z","z-crystals","true","aloraichiumzheld"
"snorliumzheld","845","Snorlium Z","z-crystals","true","snorliumzheld"
"eeviumzheld","846","Eevium Z","z-crystals","true","eeviumzheld"
"mewniumzheld","847","Mewnium Z","z-crystals","true","mewniumzheld"
"pikashuniumzheld","877","Pikashunium Z","z-crystals","true","pikashuniumzheld"
"foragebag","878","Forage Bag","gameplay","true","foragebag"
"fishingrod","879","Fishing Rod","gameplay","true","fishingrod"
"professorsmask","880","Professor’s Mask","plot-advancement","true","professorsmask"
"festivalticket","881","Festival Ticket","gameplay","true","festivalticket"
"sparklingstone","882","Sparkling Stone","plot-advancement","true","sparklingstone"
"adrenalineorb","883","Adrenaline Orb","held-items","true","adrenalineorb"
"zygardecube","884","Zygarde Cube","gameplay","true","zygardecube"
"icestone","885","Ice Stone","evolution","true","icestone"
"ridepager","886","Ride Pager","unused","true","ridepager"
"beastball","887","Beast Ball","special-balls","true","beastball"
"bigmalasada","888","Big Malasada","status-cures","true","bigmalasada"
"rednectar","889","Red Nectar","species-specific","true","rednectar"
"yellownectar","890","Yellow Nectar","species-specific","true","yellownectar"
"pinknectar","891","Pink Nectar","species-specific","true","pinknectar"
"purplenectar","892","Purple Nectar","species-specific","true","purplenectar"
"sunflute","893","Sun Flute","plot-advancement","true","sunflute"
"moonflute","894","Moon Flute","plot-advancement","true","moonflute"
"enigmaticcard","895","Enigmatic Card","plot-advancement","true","enigmaticcard"
"terrainextender","896","Terrain Extender","held-items","true","terrainextender"
"protectivepads","897","Protective Pads","held-items","true","protectivepads"
"electricseed","898","Electric Seed","held-items","true","electricseed"
"psychicseed","899","Psychic Seed","held-items","true","psychicseed"
"mistyseed","900","Misty Seed","held-items","true","mistyseed"
"grassyseed","901","Grassy Seed","held-items","true","grassyseed"
"fightingmemory","902","Fighting Memory","memories","true","fightingmemory"
"flyingmemory","903","Flying Memory","memories","true","flyingmemory"
"poisonmemory","904","Poison Memory","memories","true","poisonmemory"
"groundmemory","905","Ground Memory","memories","true","groundmemory"
"rockmemory","906","Rock Memory","memories","true","rockmemory"
"bugmemory","907","Bug Memory","memories","true","bugmemory"
"ghostmemory","908","Ghost Memory","memories","true","ghostmemory"
"steelmemory","909","Steel Memory","memories","true","steelmemory"
"firememory","910","Fire Memory","memories","true","firememory"
"watermemory","911","Water Memory","memories","true","watermemory"
"grassmemory","912","Grass Memory","memories","true","grassmemory"
"electricmemory","913","Electric Memory","memories","true","electricmemory"
"psychicmemory","914","Psychic Memory","memories","true","psychicmemory"
"icememory","915","Ice Memory","memories","true","icememory"
"dragonmemory","916","Dragon Memory","memories","true","dragonmemory"
"darkmemory","917","Dark Memory","memories","true","darkmemory"
"fairymemory","918","Fairy Memory","memories","true","fairymemory"
"bikegreen","919","Bike","unused","true","bikegreen"
"storagekeygalacticwarehouse","920","Storage Key","unused","true","storagekeygalacticwarehouse"
"basementkeygoldenrod","921","Basement Key","unused","true","basementkeygoldenrod"
"xtransceiverred","922","Xtransceiver","unused","false","xtransceiverred"
"xtransceiveryellow","923","Xtransceiver","unused","false","xtransceiveryellow"
"dnasplicersmerge","924","DNA Splicers","unused","true","dnasplicersmerge"
"dnasplicerssplit","925","DNA Splicers","unused","true","dnasplicerssplit"
"droppeditemred","926","Dropped Item","unused","true","droppeditemred"
"droppeditemyellow","927","Dropped Item","unused","true","droppeditemyellow"
"holocastergreen","928","Holo Caster","unused","true","holocastergreen"
"bikeyellow","929","Bike","unused","true","bikeyellow"
"holocasterred","930","Holo Caster","unused","true","holocasterred"
"basementkeynewmauville","931","Basement Key","unused","true","basementkeynewmauville"
"storagekeyseamauville","932","Storage Key","unused","true","storagekeyseamauville"
"sstickethoenn","933","S.S. Ticket","unused","true","sstickethoenn"
"contestcostumedress","934","Contest Costume","unused","true","contestcostumedress"
"meteorite2","935","Meteorite","unused","true","meteorite2"
"meteorite3","936","Meteorite","unused","true","meteorite3"
"meteorite4","937","Meteorite","unused","true","meteorite4"
"normaliumzbag","938","Normalium Z","unused","true","normaliumzbag"
"firiumzbag","939","Firium Z","unused","true","firiumzbag"
"wateriumzbag","940","Waterium Z","unused","true","wateriumzbag"
"electriumzbag","941","Electrium Z","unused","true","electriumzbag"
"grassiumzbag","942","Grassium Z","unused","true","grassiumzbag"
"iciumzbag","943","Icium Z","unused","true","iciumzbag"
"fightiniumzbag","944","Fightinium Z","unused","true","fightiniumzbag"
"poisoniumzbag","945","Poisonium Z","unused","true","poisoniumzbag"
"groundiumzbag","946","Groundium Z","unused","true","groundiumzbag"
"flyiniumzbag","947","Flyinium Z","unused","true","flyiniumzbag"
"psychiumzbag","948","Psychium Z","unused","true","psychiumzbag"
"buginiumzbag","949","Buginium Z","unused","true","buginiumzbag"
"rockiumzbag","950","Rockium Z","unused","true","rockiumzbag"
"ghostiumzbag","951","Ghostium Z","unused","true","ghostiumzbag"
"dragoniumzbag","952","Dragonium Z","unused","true","dragoniumzbag"
"darkiniumzbag","953","Darkinium Z","unused","true","darkiniumzbag"
"steeliumzbag","954","Steelium Z","unused","true","steeliumzbag"
"fairiumzbag","955","Fairium Z","unused","true","fairiumzbag"
"pikaniumzbag","956","Pikanium Z","unused","true","pikaniumzbag"
"decidiumzbag","957","Decidium Z","unused","true","decidiumzbag"
"inciniumzbag","958","Incinium Z","unused","true","inciniumzbag"
"primariumzbag","959","Primarium Z","unused","true","primariumzbag"
"tapuniumzbag","960","Tapunium Z","unused","true","tapuniumzbag"
"marshadiumzbag","961","Marshadium Z","unused","true","marshadiumzbag"
"aloraichiumzbag","962","Aloraichium Z","unused","true","aloraichiumzbag"
"snorliumzbag","963","Snorlium Z","unused","true","snorliumzbag"
"eeviumzbag","964","Eevium Z","unused","true","eeviumzbag"
"mewniumzbag","965","Mewnium Z","unused","true","mewniumzbag"
"pikashuniumzbag","966","Pikashunium Z","unused","true","pikashuniumzbag"
"solganiumzheld","967","Solganium Z","unused","true","solganiumzheld"
"lunaliumzheld","968","Lunalium Z","unused","true","lunaliumzheld"
"ultranecroziumzheld","969","Ultranecrozium Z","unused","true","ultranecroziumzheld"
"mimikiumzheld","970","Mimikium Z","unused","true","mimikiumzheld"
"lycaniumzheld","971","Lycanium Z","unused","true","lycaniumzheld"
"kommoniumzheld","972","Kommonium Z","unused","true","kommoniumzheld"
"solganiumzbag","973","Solganium Z","unused","true","solganiumzbag"
"lunaliumzbag","974","Lunalium Z","unused","true","lunaliumzbag"
"ultranecroziumzbag","975","Ultranecrozium Z","unused","true","ultranecroziumzbag"
"mimikiumzbag","976","Mimikium Z","unused","true","mimikiumzbag"
"lycaniumzbag","977","Lycanium Z","unused","true","lycaniumzbag"
"kommoniumzbag","978","Kommonium Z","unused","true","kommoniumzbag"
"zpowerring","979","Z-Power Ring","unused","true","zpowerring"
"pinkpetal","980","Pink Petal","unused","true","pinkpetal"
"orangepetal","981","Orange Petal","unused","true","orangepetal"
"bluepetal","982","Blue Petal","unused","true","bluepetal"
"redpetal","983","Red Petal","unused","true","redpetal"
"greenpetal","984","Green Petal","unused","true","greenpetal"
"yellowpetal","985","Yellow Petal","unused","true","yellowpetal"
"purplepetal","986","Purple Petal","unused","true","purplepetal"
"rainbowflower","987","Rainbow Flower","unused","true","rainbowflower"
"surgebadge","988","Surge Badge","unused","true","surgebadge"
"nsolarizermerge","989","N-Solarizer","unused","true","nsolarizermerge"
"nlunarizermerge","990","N-Lunarizer","unused","true","nlunarizermerge"
"nsolarizersplit","991","N-Solarizer","unused","true","nsolarizersplit"
"nlunarizersplit","992","N-Lunarizer","unused","true","nlunarizersplit"
"ilimasnormaliumz","993","Ilima Normalium Z","unused","true","ilimasnormaliumz"
"leftpokeball","994","Left Poké Ball","unused","true","leftpokeball"
"rotohatch","995","Roto Hatch","unused","true","rotohatch"
"rotobargain","996","Roto Bargain","unused","true","rotobargain"
"rotoprizemoney","997","Roto Prize Money","unused","true","rotoprizemoney"
"rotoexppoints","998","Roto Exp. Points","unused","true","rotoexppoints"
"rotofriendship","999","Roto Friendship","unused","true","rotofriendship"
"rotoencounter","1000","Roto Encounter","unused","true","rotoencounter"
"rotostealth","1001","Roto Stealth","unused","true","rotostealth"
"rotohprestore","1002","Roto HP Restore","unused","true","rotohprestore"
"rotopprestore","1003","Roto PP Restore","unused","true","rotopprestore"
"rotoboost","1004","Roto Boost","unused","true","rotoboost"
"rotocatch","1005","Roto Catch","unused","true","rotocatch"
"autograph","1006","Autograph","unused","false","autograph"
"pokemonbox","1007","Pokémon Box Link","unused","false","pokemonbox"
"medicinepocket","1008","Medicine Pocket","unused","false","medicinepocket"
"candyjar","1009","Candy Jar","unused","false","candyjar"
"poweruppocket","1010","Power-Up Pocket","unused","false","poweruppocket"
"clothingtrunk","1011","Clothing Trunk","unused","false","clothingtrunk"
"catchingpocket","1012","Catching Pocket","unused","false","catchingpocket"
"battlepocket","1013","Battle Pocket","unused","false","battlepocket"
"silverrazzberry","1014","Silver Razz Berry","catching-bonus","false","silverrazzberry"
"goldenrazzberry","1015","Golden Razz Berry","catching-bonus","false","goldenrazzberry"
"silvernanabberry","1016","Silver Nanab Berry","catching-bonus","false","silvernanabberry"
"goldennanabberry","1017","Golden Nanab Berry","catching-bonus","false","goldennanabberry"
"silverpinapberry","1018","Silver Pinap Berry","catching-bonus","false","silverpinapberry"
"goldenpinapberry","1019","Golden Pinap Berry","catching-bonus","false","goldenpinapberry"
"secretkeyletsgo","1020","Secret Key","plot-advancement","false","secretkeyletsgo"
"ssticketletsgo","1021","S.S. Ticket","plot-advancement","false","ssticketletsgo"
"parcelletsgo","1022","Parcel","plot-advancement","false","parcelletsgo"
"cardkeyletsgo","1023","Card Key","plot-advancement","false","cardkeyletsgo"
"stretchyspring","1024","Stretchy Spring","loot","false","stretchyspring"
"chalkystone","1025","Chalky Stone","loot","false","chalkystone"
"marble","1026","Marble","loot","false","marble"
"loneearring","1027","Lone Earring","loot","false","loneearring"
"beachglass","1028","Beach Glass","loot","false","beachglass"
"goldleaf","1029","Gold Leaf","loot","false","goldleaf"
"silverleaf","1030","Silver Leaf","loot","false","silverleaf"
"polishedmudball","1031","Polished Mud Ball","loot","false","polishedmudball"
"tropicalshell","1032","Tropical Shell","loot","false","tropicalshell"
"leafletterpikachu","1033","Leaf Letter","loot","false","leafletterpikachu"
"leaflettereevee","1034","Leaf Letter","loot","false","leaflettereevee"
"smallbouquet","1035","Small Bouquet","loot","false","smallbouquet"
"lure","1036","Lure","spelunking","false","lure"
"superlure","1037","Super Lure","spelunking","false","superlure"
"maxlure","1038","Max Lure","spelunking","false","maxlure"
"pewtercrunchies","1039","Pewter Crunchies","status-cures","false","pewtercrunchies"
"healthcandy","1040","Health Candy","vitamins","false","healthcandy"
"mightycandy","1041","Mighty Candy","vitamins","false","mightycandy"
"toughcandy","1042","Tough Candy","vitamins","false","toughcandy"
"smartcandy","1043","Smart Candy","vitamins","false","smartcandy"
"couragecandy","1044","Courage Candy","vitamins","false","couragecandy"
"quickcandy","1045","Quick Candy","vitamins","false","quickcandy"
"healthcandyl","1046","Health Candy L","vitamins","false","healthcandyl"
"mightycandyl","1047","Mighty Candy L","vitamins","false","mightycandyl"
"toughcandyl","1048","Tough Candy L","vitamins","false","toughcandyl"
"smartcandyl","1049","Smart Candy L","vitamins","false","smartcandyl"
"couragecandyl","1050","Courage Candy L","vitamins","false","couragecandyl"
"quickcandyl","1051","Quick Candy L","vitamins","false","quickcandyl"
"healthcandyxl","1052","Health Candy XL","vitamins","false","healthcandyxl"
"mightycandyxl","1053","Mighty Candy XL","vitamins","false","mightycandyxl"
"toughcandyxl","1054","Tough Candy XL","vitamins","false","toughcandyxl"
"smartcandyxl","1055","Smart Candy XL","vitamins","false","smartcandyxl"
"couragecandyxl","1056","Courage Candy XL","vitamins","false","couragecandyxl"
"quickcandyxl","1057","Quick Candy XL","vitamins","false","quickcandyxl"
"bulbasaurcandy","1058","Bulbasaur Candy","species-candies","false","bulbasaurcandy"
"charmandercandy","1059","Charmander Candy","species-candies","false","charmandercandy"
"squirtlecandy","1060","Squirtle Candy","species-candies","false","squirtlecandy"
"caterpiecandy","1061","Caterpie Candy","species-candies","false","caterpiecandy"
"weedlecandy","1062","Weedle Candy","species-candies","false","weedlecandy"
"pidgeycandy","1063","Pidgey Candy","species-candies","false","pidgeycandy"
"rattatacandy","1064","Rattata Candy","species-candies","false","rattatacandy"
"spearowcandy","1065","Spearow Candy","species-candies","false","spearowcandy"
"ekanscandy","1066","Ekans Candy","species-candies","false","ekanscandy"
"pikachucandy","1067","Pikachu Candy","species-candies","false","pikachucandy"
"sandshrewcandy","1068","Sandshrew Candy","species-candies","false","sandshrewcandy"
"nidoranfcandy","1069","Nidoran♀ Candy","species-candies","false","nidoranfcandy"
"nidoranmcandy","1070","Nidoran♂ Candy","species-candies","false","nidoranmcandy"
"clefairycandy","1071","Clefairy Candy","species-candies","false","clefairycandy"
"vulpixcandy","1072","Vulpix Candy","species-candies","false","vulpixcandy"
"jigglypuffcandy","1073","Jigglypuff Candy","species-candies","false","jigglypuffcandy"
"zubatcandy","1074","Zubat Candy","species-candies","false","zubatcandy"
"oddishcandy","1075","Oddish Candy","species-candies","false","oddishcandy"
"parascandy","1076","Paras Candy","species-candies","false","parascandy"
"venonatcandy","1077","Venonat Candy","species-candies","false","venonatcandy"
"diglettcandy","1078","Diglett Candy","species-candies","false","diglettcandy"
"meowthcandy","1079","Meowth Candy","species-candies","false","meowthcandy"
"psyduckcandy","1080","Psyduck Candy","species-candies","false","psyduckcandy"
"mankeycandy","1081","Mankey Candy","species-candies","false","mankeycandy"
"growlithecandy","1082","Growlithe Candy","species-candies","false","growlithecandy"
"poliwagcandy","1083","Poliwag Candy","species-candies","false","poliwagcandy"
"abracandy","1084","Abra Candy","species-candies","false","abracandy"
"machopcandy","1085","Machop Candy","species-candies","false","machopcandy"
"bellsproutcandy","1086","Bellsprout Candy","species-candies","false","bellsproutcandy"
"tentacoolcandy","1087","Tentacool Candy","species-candies","false","tentacoolcandy"
"geodudecandy","1088","Geodude Candy","species-candies","false","geodudecandy"
"ponytacandy","1089","Ponyta Candy","species-candies","false","ponytacandy"
"slowpokecandy","1090","Slowpoke Candy","species-candies","false","slowpokecandy"
"magnemitecandy","1091","Magnemite Candy","species-candies","false","magnemitecandy"
"farfetchdcandy","1092","Farfetch’d Candy","species-candies","false","farfetchdcandy"
"doduocandy","1093","Doduo Candy","species-candies","false","doduocandy"
"seelcandy","1094","Seel Candy","species-candies","false","seelcandy"
"grimercandy","1095","Grimer Candy","species-candies","false","grimercandy"
"shelldercandy","1096","Shellder Candy","species-candies","false","shelldercandy"
"gastlycandy","1097","Gastly Candy","species-candies","false","gastlycandy"
"onixcandy","1098","Onix Candy","species-candies","false","onixcandy"
"drowzeecandy","1099","Drowzee Candy","species-candies","false","drowzeecandy"
"krabbycandy","1100","Krabby Candy","species-candies","false","krabbycandy"
"voltorbcandy","1101","Voltorb Candy","species-candies","false","voltorbcandy"
"exeggcutecandy","1102","Exeggcute Candy","species-candies","false","exeggcutecandy"
"cubonecandy","1103","Cubone Candy","species-candies","false","cubonecandy"
"hitmonleecandy","1104","Hitmonlee Candy","species-candies","false","hitmonleecandy"
"hitmonchancandy","1105","Hitmonchan Candy","species-candies","false","hitmonchancandy"
"lickitungcandy","1106","Lickitung Candy","species-candies","false","lickitungcandy"
"koffingcandy","1107","Koffing Candy","species-candies","false","koffingcandy"
"rhyhorncandy","1108","Rhyhorn Candy","species-candies","false","rhyhorncandy"
"chanseycandy","1109","Chansey Candy","species-candies","false","chanseycandy"
"tangelacandy","1110","Tangela Candy","species-candies","false","tangelacandy"
"kangaskhancandy","1111","Kangaskhan Candy","species-candies","false","kangaskhancandy"
"horseacandy","1112","Horsea Candy","species-candies","false","horseacandy"
"goldeencandy","1113","Goldeen Candy","species-candies","false","goldeencandy"
"staryucandy","1114","Staryu Candy","species-candies","false","staryucandy"
"mrmimecandy","1115","Mr. Mime Candy","species-candies","false","mrmimecandy"
"scythercandy","1116","Scyther Candy","species-candies","false","scythercandy"
"jynxcandy","1117","Jynx Candy","species-candies","false","jynxcandy"
"electabuzzcandy","1118","Electabuzz Candy","species-candies","false","electabuzzcandy"
"pinsircandy","1119","Pinsir Candy","species-candies","false","pinsircandy"
"tauroscandy","1120","Tauros Candy","species-candies","false","tauroscandy"
"magikarpcandy","1121","Magikarp Candy","species-candies","false","magikarpcandy"
"laprascandy","1122","Lapras Candy","species-candies","false","laprascandy"
"dittocandy","1123","Ditto Candy","species-candies","false","dittocandy"
"eeveecandy","1124","Eevee Candy","species-candies","false","eeveecandy"
"porygoncandy","1125","Porygon Candy","species-candies","false","porygoncandy"
"omanytecandy","1126","Omanyte Candy","species-candies","false","omanytecandy"
"kabutocandy","1127","Kabuto Candy","species-candies","false","kabutocandy"
"aerodactylcandy","1128","Aerodactyl Candy","species-candies","false","aerodactylcandy"
"snorlaxcandy","1129","Snorlax Candy","species-candies","false","snorlaxcandy"
"articunocandy","1130","Articuno Candy","species-candies","false","articunocandy"
"zapdoscandy","1131","Zapdos Candy","species-candies","false","zapdoscandy"
"moltrescandy","1132","Moltres Candy","species-candies","false","moltrescandy"
"dratinicandy","1133","Dratini Candy","species-candies","false","dratinicandy"
"mewtwocandy","1134","Mewtwo Candy","species-candies","false","mewtwocandy"
"mewcandy","1135","Mew Candy","species-candies","false","mewcandy"
"meltancandy","1136","Meltan Candy","species-candies","false","meltancandy"
"magmarcandy","1137","Magmar Candy","species-candies","false","magmarcandy"
"endorsement","1138","Endorsement","plot-advancement","false","endorsement"
"pokemonboxlink","1139","Pokémon Box Link","gameplay","false","pokemonboxlink"
"wishingstar","1140","Wishing Star","plot-advancement","false","wishingstar"
"dynamaxband","1141","Dynamax Band","plot-advancement","false","dynamaxband"
"fishingrodgalar","1142","Fishing Rod","gameplay","false","fishingrodgalar"
"rotombike","1143","Rotom Bike","gameplay","false","rotombike"
"sausages","1144","Sausages","curry-ingredients","false","sausages"
"bobsfoodtin","1145","Bob’s Food Tin","curry-ingredients","false","bobsfoodtin"
"bachsfoodtin","1146","Bach’s Food Tin","curry-ingredients","false","bachsfoodtin"
"tinofbeans","1147","Tin of Beans","curry-ingredients","false","tinofbeans"
"bread","1148","Bread","curry-ingredients","false","bread"
"pasta","1149","Pasta","curry-ingredients","false","pasta"
"mixedmushrooms","1150","Mixed Mushrooms","curry-ingredients","false","mixedmushrooms"
"smokepoketail","1151","Smoke-Poke Tail","curry-ingredients","false","smokepoketail"
"largeleek","1152","Large Leek","curry-ingredients","false","largeleek"
"fancyapple","1153","Fancy Apple","curry-ingredients","false","fancyapple"
"brittlebones","1154","Brittle Bones","curry-ingredients","false","brittlebones"
"packofpotatoes","1155","Pack of Potatoes","curry-ingredients","false","packofpotatoes"
"pungentroot","1156","Pungent Root","curry-ingredients","false","pungentroot"
"saladmix","1157","Salad Mix","curry-ingredients","false","saladmix"
"friedfood","1158","Fried Food","curry-ingredients","false","friedfood"
"boiledegg","1159","Boiled Egg","curry-ingredients","false","boiledegg"
"campinggear","1160","Camping Gear","gameplay","false","campinggear"
"rustedsword","1161","Rusted Sword","species-specific","false","rustedsword"
"rustedshield","1162","Rusted Shield","species-specific","false","rustedshield"
"fossilizedbird","1163","Fossilized Bird","dex-completion","false","fossilizedbird"
"fossilizedfish","1164","Fossilized Fish","dex-completion","false","fossilizedfish"
"fossilizeddrake","1165","Fossilized Drake","dex-completion","false","fossilizeddrake"
"fossilizeddino","1166","Fossilized Dino","dex-completion","false","fossilizeddino"
"strawberrysweet","1167","Strawberry Sweet","evolution","false","strawberrysweet"
"lovesweet","1168","Love Sweet","evolution","false","lovesweet"
"berrysweet","1169","Berry Sweet","evolution","false","berrysweet"
"cloversweet","1170","Clover Sweet","evolution","false","cloversweet"
"flowersweet","1171","Flower Sweet","evolution","false","flowersweet"
"starsweet","1172","Star Sweet","evolution","false","starsweet"
"ribbonsweet","1173","Ribbon Sweet","evolution","false","ribbonsweet"
"sweetapple","1174","Sweet Apple","evolution","false","sweetapple"
"tartapple","1175","Tart Apple","evolution","false","tartapple"
"throatspray","1176","Throat Spray","held-items","false","throatspray"
"ejectpack","1177","Eject Pack","held-items","false","ejectpack"
"heavydutyboots","1178","Heavy-Duty Boots","held-items","false","heavydutyboots"
"blunderpolicy","1179","Blunder Policy","held-items","false","blunderpolicy"
"roomservice","1180","Room Service","held-items","false","roomservice"
"utilityumbrella","1181","Utility Umbrella","held-items","false","utilityumbrella"
"expcandyxs","1182","Exp. Candy XS","vitamins","false","expcandyxs"
"expcandys","1183","Exp. Candy S","vitamins","false","expcandys"
"expcandym","1184","Exp. Candy M","vitamins","false","expcandym"
"expcandyl","1185","Exp. Candy L","vitamins","false","expcandyl"
"expcandyxl","1186","Exp. Candy XL","vitamins","false","expcandyxl"
"dynamaxcandy","1187","Dynamax Candy","vitamins","false","dynamaxcandy"
"tr00","1188","TR00","all-machines","false","tr00"
"tr01","1189","TR01","all-machines","false","tr01"
"tr02","1190","TR02","all-machines","false","tr02"
"tr03","1191","TR03","all-machines","false","tr03"
"tr04","1192","TR04","all-machines","false","tr04"
"tr05","1193","TR05","all-machines","false","tr05"
"tr06","1194","TR06","all-machines","false","tr06"
"tr07","1195","TR07","all-machines","false","tr07"
"tr08","1196","TR08","all-machines","false","tr08"
"tr09","1197","TR09","all-machines","false","tr09"
"tr10","1198","TR10","all-machines","false","tr10"
"tr11","1199","TR11","all-machines","false","tr11"
"tr12","1200","TR12","all-machines","false","tr12"
"tr13","1201","TR13","all-machines","false","tr13"
"tr14","1202","TR14","all-machines","false","tr14"
"tr15","1203","TR15","all-machines","false","tr15"
"tr16","1204","TR16","all-machines","false","tr16"
"tr17","1205","TR17","all-machines","false","tr17"
"tr18","1206","TR18","all-machines","false","tr18"
"tr19","1207","TR19","all-machines","false","tr19"
"tr20","1208","TR20","all-machines","false","tr20"
"tr21","1209","TR21","all-machines","false","tr21"
"tr22","1210","TR22","all-machines","false","tr22"
"tr23","1211","TR23","all-machines","false","tr23"
"tr24","1212","TR24","all-machines","false","tr24"
"tr25","1213","TR25","all-machines","false","tr25"
"tr26","1214","TR26","all-machines","false","tr26"
"tr27","1215","TR27","all-machines","false","tr27"
"tr28","1216","TR28","all-machines","false","tr28"
"tr29","1217","TR29","all-machines","false","tr29"
"tr30","1218","TR30","all-machines","false","tr30"
"tr31","1219","TR31","all-machines","false","tr31"
"tr32","1220","TR32","all-machines","false","tr32"
"tr33","1221","TR33","all-machines","false","tr33"
"tr34","1222","TR34","all-machines","false","tr34"
"tr35","1223","TR35","all-machines","false","tr35"
"tr36","1224","TR36","all-machines","false","tr36"
"tr37","1225","TR37","all-machines","false","tr37"
"tr38","1226","TR38","all-machines","false","tr38"
"tr39","1227","TR39","all-machines","false","tr39"
"tr40","1228","TR40","all-machines","false","tr40"
"tr41","1229","TR41","all-machines","false","tr41"
"tr42","1230","TR42","all-machines","false","tr42"
"tr43","1231","TR43","all-machines","false","tr43"
"tr44","1232","TR44","all-machines","false","tr44"
"tr45","1233","TR45","all-machines","false","tr45"
"tr46","1234","TR46","all-machines","false","tr46"
"tr47","1235","TR47","all-machines","false","tr47"
"tr48","1236","TR48","all-machines","false","tr48"
"tr49","1237","TR49","all-machines","false","tr49"
"tr50","1238","TR50","all-machines","false","tr50"
"tr51","1239","TR51","all-machines","false","tr51"
"tr52","1240","TR52","all-machines","false","tr52"
"tr53","1241","TR53","all-machines","false","tr53"
"tr54","1242","TR54","all-machines","false","tr54"
"tr55","1243","TR55","all-machines","false","tr55"
"tr56","1244","TR56","all-machines","false","tr56"
"tr57","1245","TR57","all-machines","false","tr57"
"tr58","1246","TR58","all-machines","false","tr58"
"tr59","1247","TR59","all-machines","false","tr59"
"tr60","1248","TR60","all-machines","false","tr60"
"tr61","1249","TR61","all-machines","false","tr61"
"tr62","1250","TR62","all-machines","false","tr62"
"tr63","1251","TR63","all-machines","false","tr63"
"tr64","1252","TR64","all-machines","false","tr64"
"tr65","1253","TR65","all-machines","false","tr65"
"tr66","1254","TR66","all-machines","false","tr66"
"tr67","1255","TR67","all-machines","false","tr67"
"tr68","1256","TR68","all-machines","false","tr68"
"tr69","1257","TR69","all-machines","false","tr69"
"tr70","1258","TR70","all-machines","false","tr70"
"tr71","1259","TR71","all-machines","false","tr71"
"tr72","1260","TR72","all-machines","false","tr72"
"tr73","1261","TR73","all-machines","false","tr73"
"tr74","1262","TR74","all-machines","false","tr74"
"tr75","1263","TR75","all-machines","false","tr75"
"tr76","1264","TR76","all-machines","false","tr76"
"tr77","1265","TR77","all-machines","false","tr77"
"tr78","1266","TR78","all-machines","false","tr78"
"tr79","1267","TR79","all-machines","false","tr79"
"tr80","1268","TR80","all-machines","false","tr80"
"tr81","1269","TR81","all-machines","false","tr81"
"tr82","1270","TR82","all-machines","false","tr82"
"tr83","1271","TR83","all-machines","false","tr83"
"tr84","1272","TR84","all-machines","false","tr84"
"tr85","1273","TR85","all-machines","false","tr85"
"tr86","1274","TR86","all-machines","false","tr86"
"tr87","1275","TR87","all-machines","false","tr87"
"tr88","1276","TR88","all-machines","false","tr88"
"tr89","1277","TR89","all-machines","false","tr89"
"tr90","1278","TR90","all-machines","false","tr90"
"tr91","1279","TR91","all-machines","false","tr91"
"tr92","1280","TR92","all-machines","false","tr92"
"tr93","1281","TR93","all-machines","false","tr93"
"tr94","1282","TR94","all-machines","false","tr94"
"tr95","1283","TR95","all-machines","false","tr95"
"tr96","1284","TR96","all-machines","false","tr96"
"tr97","1285","TR97","all-machines","false","tr97"
"tr98","1286","TR98","all-machines","false","tr98"
"tr99","1287","TR99","all-machines","false","tr99"
"tm00","1288","TM00","all-machines","true","tm00"
"lonelymint","1289","Lonely Mint","nature-mints","false","lonelymint"
"adamantmint","1290","Adamant Mint","nature-mints","false","adamantmint"
"naughtymint","1291","Naughty Mint","nature-mints","false","naughtymint"
"bravemint","1292","Brave Mint","nature-mints","false","bravemint"
"boldmint","1293","Bold Mint","nature-mints","false","boldmint"
"impishmint","1294","Impish Mint","nature-mints","false","impishmint"
"laxmint","1295","Lax Mint","nature-mints","false","laxmint"
"relaxedmint","1296","Relaxed Mint","nature-mints","false","relaxedmint"
"modestmint","1297","Modest Mint","nature-mints","false","modestmint"
"mildmint","1298","Mild Mint","nature-mints","false","mildmint"
"rashmint","1299","Rash Mint","nature-mints","false","rashmint"
"quietmint","1300","Quiet Mint","nature-mints","false","quietmint"
"calmmint","1301","Calm Mint","nature-mints","false","calmmint"
"gentlemint","1302","Gentle Mint","nature-mints","false","gentlemint"
"carefulmint","1303","Careful Mint","nature-mints","false","carefulmint"
"sassymint","1304","Sassy Mint","nature-mints","false","sassymint"
"timidmint","1305","Timid Mint","nature-mints","false","timidmint"
"hastymint","1306","Hasty Mint","nature-mints","false","hastymint"
"jollymint","1307","Jolly Mint","nature-mints","false","jollymint"
"naivemint","1308","Naive Mint","nature-mints","false","naivemint"
"seriousmint","1309","Serious Mint","nature-mints","false","seriousmint"
"wishingpiece","1310","Wishing Piece","collectibles","false","wishingpiece"
"crackedpot","1311","Cracked Pot","evolution","false","crackedpot"
"chippedpot","1312","Chipped Pot","evolution","false","chippedpot"
"hitechearbuds","1313","Hi-tech Earbuds","gameplay","false","hitechearbuds"
"fruitbunch","1314","Fruit Bunch","curry-ingredients","false","fruitbunch"
"moomoocheese","1315","Moomoo Cheese","curry-ingredients","false","moomoocheese"
"spicemix","1316","Spice Mix","curry-ingredients","false","spicemix"
"freshcream","1317","Fresh Cream","curry-ingredients","false","freshcream"
"packagedcurry","1318","Packaged Curry","curry-ingredients","false","packagedcurry"
"coconutmilk","1319","Coconut Milk","curry-ingredients","false","coconutmilk"
"instantnoodles","1320","Instant Noodles","curry-ingredients","false","instantnoodles"
"precookedburger","1321","Precooked Burger","curry-ingredients","false","precookedburger"
"gigantamix","1322","Gigantamix","curry-ingredients","false","gigantamix"
"wishingchip","1323","Wishing Chip","unused","false","wishingchip"
"rotombikewatermode","1324","Rotom Bike","unused","false","rotombikewatermode"
"catchingcharm","1325","Catching Charm","gameplay","false","catchingcharm"
"oldletter","1326","Old Letter","plot-advancement","false","oldletter"
"bandautograph","1327","Band Autograph","unused","false","bandautograph"
"soniasbook","1328","Sonia’s Book","plot-advancement","false","soniasbook"
"rotomcatalog","1329","Rotom Catalog","gameplay","false","rotomcatalog"
"dynamaxcrystaland458","1330","★And458","dynamax-crystals","false","dynamaxcrystaland458"
"dynamaxcrystaland15","1331","★And15","dynamax-crystals","false","dynamaxcrystaland15"
"dynamaxcrystaland337","1332","★And337","dynamax-crystals","false","dynamaxcrystaland337"
"dynamaxcrystaland603","1333","★And603","dynamax-crystals","false","dynamaxcrystaland603"
"dynamaxcrystaland390","1334","★And390","dynamax-crystals","false","dynamaxcrystaland390"
"dynamaxcrystalsgr6879","1335","★Sgr6879","dynamax-crystals","false","dynamaxcrystalsgr6879"
"dynamaxcrystalsgr6859","1336","★Sgr6859","dynamax-crystals","false","dynamaxcrystalsgr6859"
"dynamaxcrystalsgr6913","1337","★Sgr6913","dynamax-crystals","false","dynamaxcrystalsgr6913"
"dynamaxcrystalsgr7348","1338","★Sgr7348","dynamax-crystals","false","dynamaxcrystalsgr7348"
"dynamaxcrystalsgr7121","1339","★Sgr7121","dynamax-crystals","false","dynamaxcrystalsgr7121"
"dynamaxcrystalsgr6746","1340","★Sgr6746","dynamax-crystals","false","dynamaxcrystalsgr6746"
"dynamaxcrystalsgr7194","1341","★Sgr7194","dynamax-crystals","false","dynamaxcrystalsgr7194"
"dynamaxcrystalsgr7337","1342","★Sgr7337","dynamax-crystals","false","dynamaxcrystalsgr7337"
"dynamaxcrystalsgr7343","1343","★Sgr7343","dynamax-crystals","false","dynamaxcrystalsgr7343"
"dynamaxcrystalsgr6812","1344","★Sgr6812","dynamax-crystals","false","dynamaxcrystalsgr6812"
"dynamaxcrystalsgr7116","1345","★Sgr7116","dynamax-crystals","false","dynamaxcrystalsgr7116"
"dynamaxcrystalsgr7264","1346","★Sgr7264","dynamax-crystals","false","dynamaxcrystalsgr7264"
"dynamaxcrystalsgr7597","1347","★Sgr7597","dynamax-crystals","false","dynamaxcrystalsgr7597"
"dynamaxcrystaldel7882","1348","★Del7882","dynamax-crystals","false","dynamaxcrystaldel7882"
"dynamaxcrystaldel7906","1349","★Del7906","dynamax-crystals","false","dynamaxcrystaldel7906"
"dynamaxcrystaldel7852","1350","★Del7852","dynamax-crystals","false","dynamaxcrystaldel7852"
"dynamaxcrystalpsc596","1351","★Psc596","dynamax-crystals","false","dynamaxcrystalpsc596"
"dynamaxcrystalpsc361","1352","★Psc361","dynamax-crystals","false","dynamaxcrystalpsc361"
"dynamaxcrystalpsc510","1353","★Psc510","dynamax-crystals","false","dynamaxcrystalpsc510"
"dynamaxcrystalpsc437","1354","★Psc437","dynamax-crystals","false","dynamaxcrystalpsc437"
"dynamaxcrystalpsc8773","1355","★Psc8773","dynamax-crystals","false","dynamaxcrystalpsc8773"
"dynamaxcrystallep1865","1356","★Lep1865","dynamax-crystals","false","dynamaxcrystallep1865"
"dynamaxcrystallep1829","1357","★Lep1829","dynamax-crystals","false","dynamaxcrystallep1829"
"dynamaxcrystalboo5340","1358","★Boo5340","dynamax-crystals","false","dynamaxcrystalboo5340"
"dynamaxcrystalboo5506","1359","★Boo5506","dynamax-crystals","false","dynamaxcrystalboo5506"
"dynamaxcrystalboo5435","1360","★Boo5435","dynamax-crystals","false","dynamaxcrystalboo5435"
"dynamaxcrystalboo5602","1361","★Boo5602","dynamax-crystals","false","dynamaxcrystalboo5602"
"dynamaxcrystalboo5733","1362","★Boo5733","dynamax-crystals","false","dynamaxcrystalboo5733"
"dynamaxcrystalboo5235","1363","★Boo5235","dynamax-crystals","false","dynamaxcrystalboo5235"
"dynamaxcrystalboo5351","1364","★Boo5351","dynamax-crystals","false","dynamaxcrystalboo5351"
"dynamaxcrystalhya3748","1365","★Hya3748","dynamax-crystals","false","dynamaxcrystalhya3748"
"dynamaxcrystalhya3903","1366","★Hya3903","dynamax-crystals","false","dynamaxcrystalhya3903"
"dynamaxcrystalhya3418","1367","★Hya3418","dynamax-crystals","false","dynamaxcrystalhya3418"
"dynamaxcrystalhya3482","1368","★Hya3482","dynamax-crystals","false","dynamaxcrystalhya3482"
"dynamaxcrystalhya3845","1369","★Hya3845","dynamax-crystals","false","dynamaxcrystalhya3845"
"dynamaxcrystaleri1084","1370","★Eri1084","dynamax-crystals","false","dynamaxcrystaleri1084"
"dynamaxcrystaleri472","1371","★Eri472","dynamax-crystals","false","dynamaxcrystaleri472"
"dynamaxcrystaleri1666","1372","★Eri1666","dynamax-crystals","false","dynamaxcrystaleri1666"
"dynamaxcrystaleri897","1373","★Eri897","dynamax-crystals","false","dynamaxcrystaleri897"
"dynamaxcrystaleri1231","1374","★Eri1231","dynamax-crystals","false","dynamaxcrystaleri1231"
"dynamaxcrystaleri874","1375","★Eri874","dynamax-crystals","false","dynamaxcrystaleri874"
"dynamaxcrystaleri1298","1376","★Eri1298","dynamax-crystals","false","dynamaxcrystaleri1298"
"dynamaxcrystaleri1325","1377","★Eri1325","dynamax-crystals","false","dynamaxcrystaleri1325"
"dynamaxcrystaleri984","1378","★Eri984","dynamax-crystals","false","dynamaxcrystaleri984"
"dynamaxcrystaleri1464","1379","★Eri1464","dynamax-crystals","false","dynamaxcrystaleri1464"
"dynamaxcrystaleri1393","1380","★Eri1393","dynamax-crystals","false","dynamaxcrystaleri1393"
"dynamaxcrystaleri850","1381","★Eri850","dynamax-crystals","false","dynamaxcrystaleri850"
"dynamaxcrystaltau1409","1382","★Tau1409","dynamax-crystals","false","dynamaxcrystaltau1409"
"dynamaxcrystaltau1457","1383","★Tau1457","dynamax-crystals","false","dynamaxcrystaltau1457"
"dynamaxcrystaltau1165","1384","★Tau1165","dynamax-crystals","false","dynamaxcrystaltau1165"
"dynamaxcrystaltau1791","1385","★Tau1791","dynamax-crystals","false","dynamaxcrystaltau1791"
"dynamaxcrystaltau1910","1386","★Tau1910","dynamax-crystals","false","dynamaxcrystaltau1910"
"dynamaxcrystaltau1346","1387","★Tau1346","dynamax-crystals","false","dynamaxcrystaltau1346"
"dynamaxcrystaltau1373","1388","★Tau1373","dynamax-crystals","false","dynamaxcrystaltau1373"
"dynamaxcrystaltau1412","1389","★Tau1412","dynamax-crystals","false","dynamaxcrystaltau1412"
"dynamaxcrystalcma2491","1390","★CMa2491","dynamax-crystals","false","dynamaxcrystalcma2491"
"dynamaxcrystalcma2693","1391","★CMa2693","dynamax-crystals","false","dynamaxcrystalcma2693"
"dynamaxcrystalcma2294","1392","★CMa2294","dynamax-crystals","false","dynamaxcrystalcma2294"
"dynamaxcrystalcma2827","1393","★CMa2827","dynamax-crystals","false","dynamaxcrystalcma2827"
"dynamaxcrystalcma2282","1394","★CMa2282","dynamax-crystals","false","dynamaxcrystalcma2282"
"dynamaxcrystalcma2618","1395","★CMa2618","dynamax-crystals","false","dynamaxcrystalcma2618"
"dynamaxcrystalcma2657","1396","★CMa2657","dynamax-crystals","false","dynamaxcrystalcma2657"
"dynamaxcrystalcma2646","1397","★CMa2646","dynamax-crystals","false","dynamaxcrystalcma2646"
"dynamaxcrystaluma4905","1398","★UMa4905","dynamax-crystals","false","dynamaxcrystaluma4905"
"dynamaxcrystaluma4301","1399","★UMa4301","dynamax-crystals","false","dynamaxcrystaluma4301"
"dynamaxcrystaluma5191","1400","★UMa5191","dynamax-crystals","false","dynamaxcrystaluma5191"
"dynamaxcrystaluma5054","1401","★UMa5054","dynamax-crystals","false","dynamaxcrystaluma5054"
"dynamaxcrystaluma4295","1402","★UMa4295","dynamax-crystals","false","dynamaxcrystaluma4295"
"dynamaxcrystaluma4660","1403","★UMa4660","dynamax-crystals","false","dynamaxcrystaluma4660"
"dynamaxcrystaluma4554","1404","★UMa4554","dynamax-crystals","false","dynamaxcrystaluma4554"
"dynamaxcrystaluma4069","1405","★UMa4069","dynamax-crystals","false","dynamaxcrystaluma4069"
"dynamaxcrystaluma3569","1406","★UMa3569","dynamax-crystals","false","dynamaxcrystaluma3569"
"dynamaxcrystaluma3323","1407","★UMa3323","dynamax-crystals","false","dynamaxcrystaluma3323"
"dynamaxcrystaluma4033","1408","★UMa4033","dynamax-crystals","false","dynamaxcrystaluma4033"
"dynamaxcrystaluma4377","1409","★UMa4377","dynamax-crystals","false","dynamaxcrystaluma4377"
"dynamaxcrystaluma4375","1410","★UMa4375","dynamax-crystals","false","dynamaxcrystaluma4375"
"dynamaxcrystaluma4518","1411","★UMa4518","dynamax-crystals","false","dynamaxcrystaluma4518"
"dynamaxcrystaluma3594","1412","★UMa3594","dynamax-crystals","false","dynamaxcrystaluma3594"
"dynamaxcrystalvir5056","1413","★Vir5056","dynamax-crystals","false","dynamaxcrystalvir5056"
"dynamaxcrystalvir4825","1414","★Vir4825","dynamax-crystals","false","dynamaxcrystalvir4825"
"dynamaxcrystalvir4932","1415","★Vir4932","dynamax-crystals","false","dynamaxcrystalvir4932"
"dynamaxcrystalvir4540","1416","★Vir4540","dynamax-crystals","false","dynamaxcrystalvir4540"
"dynamaxcrystalvir4689","1417","★Vir4689","dynamax-crystals","false","dynamaxcrystalvir4689"
"dynamaxcrystalvir5338","1418","★Vir5338","dynamax-crystals","false","dynamaxcrystalvir5338"
"dynamaxcrystalvir4910","1419","★Vir4910","dynamax-crystals","false","dynamaxcrystalvir4910"
"dynamaxcrystalvir5315","1420","★Vir5315","dynamax-crystals","false","dynamaxcrystalvir5315"
"dynamaxcrystalvir5359","1421","★Vir5359","dynamax-crystals","false","dynamaxcrystalvir5359"
"dynamaxcrystalvir5409","1422","★Vir5409","dynamax-crystals","false","dynamaxcrystalvir5409"
"dynamaxcrystalvir5107","1423","★Vir5107","dynamax-crystals","false","dynamaxcrystalvir5107"
"dynamaxcrystalari617","1424","★Ari617","dynamax-crystals","false","dynamaxcrystalari617"
"dynamaxcrystalari553","1425","★Ari553","dynamax-crystals","false","dynamaxcrystalari553"
"dynamaxcrystalari546","1426","★Ari546","dynamax-crystals","false","dynamaxcrystalari546"
"dynamaxcrystalari951","1427","★Ari951","dynamax-crystals","false","dynamaxcrystalari951"
"dynamaxcrystalori1713","1428","★Ori1713","dynamax-crystals","false","dynamaxcrystalori1713"
"dynamaxcrystalori2061","1429","★Ori2061","dynamax-crystals","false","dynamaxcrystalori2061"
"dynamaxcrystalori1790","1430","★Ori1790","dynamax-crystals","false","dynamaxcrystalori1790"
"dynamaxcrystalori1903","1431","★Ori1903","dynamax-crystals","false","dynamaxcrystalori1903"
"dynamaxcrystalori1948","1432","★Ori1948","dynamax-crystals","false","dynamaxcrystalori1948"
"dynamaxcrystalori2004","1433","★Ori2004","dynamax-crystals","false","dynamaxcrystalori2004"
"dynamaxcrystalori1852","1434","★Ori1852","dynamax-crystals","false","dynamaxcrystalori1852"
"dynamaxcrystalori1879","1435","★Ori1879","dynamax-crystals","false","dynamaxcrystalori1879"
"dynamaxcrystalori1899","1436","★Ori1899","dynamax-crystals","false","dynamaxcrystalori1899"
"dynamaxcrystalori1543","1437","★Ori1543","dynamax-crystals","false","dynamaxcrystalori1543"
"dynamaxcrystalcas21","1438","★Cas21","dynamax-crystals","false","dynamaxcrystalcas21"
"dynamaxcrystalcas168","1439","★Cas168","dynamax-crystals","false","dynamaxcrystalcas168"
"dynamaxcrystalcas403","1440","★Cas403","dynamax-crystals","false","dynamaxcrystalcas403"
"dynamaxcrystalcas153","1441","★Cas153","dynamax-crystals","false","dynamaxcrystalcas153"
"dynamaxcrystalcas542","1442","★Cas542","dynamax-crystals","false","dynamaxcrystalcas542"
"dynamaxcrystalcas219","1443","★Cas219","dynamax-crystals","false","dynamaxcrystalcas219"
"dynamaxcrystalcas265","1444","★Cas265","dynamax-crystals","false","dynamaxcrystalcas265"
"dynamaxcrystalcnc3572","1445","★Cnc3572","dynamax-crystals","false","dynamaxcrystalcnc3572"
"dynamaxcrystalcnc3208","1446","★Cnc3208","dynamax-crystals","false","dynamaxcrystalcnc3208"
"dynamaxcrystalcnc3461","1447","★Cnc3461","dynamax-crystals","false","dynamaxcrystalcnc3461"
"dynamaxcrystalcnc3449","1448","★Cnc3449","dynamax-crystals","false","dynamaxcrystalcnc3449"
"dynamaxcrystalcnc3429","1449","★Cnc3429","dynamax-crystals","false","dynamaxcrystalcnc3429"
"dynamaxcrystalcnc3627","1450","★Cnc3627","dynamax-crystals","false","dynamaxcrystalcnc3627"
"dynamaxcrystalcnc3268","1451","★Cnc3268","dynamax-crystals","false","dynamaxcrystalcnc3268"
"dynamaxcrystalcnc3249","1452","★Cnc3249","dynamax-crystals","false","dynamaxcrystalcnc3249"
"dynamaxcrystalcom4968","1453","★Com4968","dynamax-crystals","false","dynamaxcrystalcom4968"
"dynamaxcrystalcrv4757","1454","★Crv4757","dynamax-crystals","false","dynamaxcrystalcrv4757"
"dynamaxcrystalcrv4623","1455","★Crv4623","dynamax-crystals","false","dynamaxcrystalcrv4623"
"dynamaxcrystalcrv4662","1456","★Crv4662","dynamax-crystals","false","dynamaxcrystalcrv4662"
"dynamaxcrystalcrv4786","1457","★Crv4786","dynamax-crystals","false","dynamaxcrystalcrv4786"
"dynamaxcrystalaur1708","1458","★Aur1708","dynamax-crystals","false","dynamaxcrystalaur1708"
"dynamaxcrystalaur2088","1459","★Aur2088","dynamax-crystals","false","dynamaxcrystalaur2088"
"dynamaxcrystalaur1605","1460","★Aur1605","dynamax-crystals","false","dynamaxcrystalaur1605"
"dynamaxcrystalaur2095","1461","★Aur2095","dynamax-crystals","false","dynamaxcrystalaur2095"
"dynamaxcrystalaur1577","1462","★Aur1577","dynamax-crystals","false","dynamaxcrystalaur1577"
"dynamaxcrystalaur1641","1463","★Aur1641","dynamax-crystals","false","dynamaxcrystalaur1641"
"dynamaxcrystalaur1612","1464","★Aur1612","dynamax-crystals","false","dynamaxcrystalaur1612"
"dynamaxcrystalpav7790","1465","★Pav7790","dynamax-crystals","false","dynamaxcrystalpav7790"
"dynamaxcrystalcet911","1466","★Cet911","dynamax-crystals","false","dynamaxcrystalcet911"
"dynamaxcrystalcet681","1467","★Cet681","dynamax-crystals","false","dynamaxcrystalcet681"
"dynamaxcrystalcet188","1468","★Cet188","dynamax-crystals","false","dynamaxcrystalcet188"
"dynamaxcrystalcet539","1469","★Cet539","dynamax-crystals","false","dynamaxcrystalcet539"
"dynamaxcrystalcet804","1470","★Cet804","dynamax-crystals","false","dynamaxcrystalcet804"
"dynamaxcrystalcep8974","1471","★Cep8974","dynamax-crystals","false","dynamaxcrystalcep8974"
"dynamaxcrystalcep8162","1472","★Cep8162","dynamax-crystals","false","dynamaxcrystalcep8162"
"dynamaxcrystalcep8238","1473","★Cep8238","dynamax-crystals","false","dynamaxcrystalcep8238"
"dynamaxcrystalcep8417","1474","★Cep8417","dynamax-crystals","false","dynamaxcrystalcep8417"
"dynamaxcrystalcen5267","1475","★Cen5267","dynamax-crystals","false","dynamaxcrystalcen5267"
"dynamaxcrystalcen5288","1476","★Cen5288","dynamax-crystals","false","dynamaxcrystalcen5288"
"dynamaxcrystalcen551","1477","★Cen551","dynamax-crystals","false","dynamaxcrystalcen551"
"dynamaxcrystalcen5459","1478","★Cen5459","dynamax-crystals","false","dynamaxcrystalcen5459"
"dynamaxcrystalcen5460","1479","★Cen5460","dynamax-crystals","false","dynamaxcrystalcen5460"
"dynamaxcrystalcmi2943","1480","★CMi2943","dynamax-crystals","false","dynamaxcrystalcmi2943"
"dynamaxcrystalcmi2845","1481","★CMi2845","dynamax-crystals","false","dynamaxcrystalcmi2845"
"dynamaxcrystalequ8131","1482","★Equ8131","dynamax-crystals","false","dynamaxcrystalequ8131"
"dynamaxcrystalvul7405","1483","★Vul7405","dynamax-crystals","false","dynamaxcrystalvul7405"
"dynamaxcrystalumi424","1484","★UMi424","dynamax-crystals","false","dynamaxcrystalumi424"
"dynamaxcrystalumi5563","1485","★UMi5563","dynamax-crystals","false","dynamaxcrystalumi5563"
"dynamaxcrystalumi5735","1486","★UMi5735","dynamax-crystals","false","dynamaxcrystalumi5735"
"dynamaxcrystalumi6789","1487","★UMi6789","dynamax-crystals","false","dynamaxcrystalumi6789"
"dynamaxcrystalcrt4287","1488","★Crt4287","dynamax-crystals","false","dynamaxcrystalcrt4287"
"dynamaxcrystallyr7001","1489","★Lyr7001","dynamax-crystals","false","dynamaxcrystallyr7001"
"dynamaxcrystallyr7178","1490","★Lyr7178","dynamax-crystals","false","dynamaxcrystallyr7178"
"dynamaxcrystallyr7106","1491","★Lyr7106","dynamax-crystals","false","dynamaxcrystallyr7106"
"dynamaxcrystallyr7298","1492","★Lyr7298","dynamax-crystals","false","dynamaxcrystallyr7298"
"dynamaxcrystalara6585","1493","★Ara6585","dynamax-crystals","false","dynamaxcrystalara6585"
"dynamaxcrystalsco6134","1494","★Sco6134","dynamax-crystals","false","dynamaxcrystalsco6134"
"dynamaxcrystalsco6527","1495","★Sco6527","dynamax-crystals","false","dynamaxcrystalsco6527"
"dynamaxcrystalsco6553","1496","★Sco6553","dynamax-crystals","false","dynamaxcrystalsco6553"
"dynamaxcrystalsco5953","1497","★Sco5953","dynamax-crystals","false","dynamaxcrystalsco5953"
"dynamaxcrystalsco5984","1498","★Sco5984","dynamax-crystals","false","dynamaxcrystalsco5984"
"dynamaxcrystalsco6508","1499","★Sco6508","dynamax-crystals","false","dynamaxcrystalsco6508"
"dynamaxcrystalsco6084","1500","★Sco6084","dynamax-crystals","false","dynamaxcrystalsco6084"
"dynamaxcrystalsco5944","1501","★Sco5944","dynamax-crystals","false","dynamaxcrystalsco5944"
"dynamaxcrystalsco6630","1502","★Sco6630","dynamax-crystals","false","dynamaxcrystalsco6630"
"dynamaxcrystalsco6027","1503","★Sco6027","dynamax-crystals","false","dynamaxcrystalsco6027"
"dynamaxcrystalsco6247","1504","★Sco6247","dynamax-crystals","false","dynamaxcrystalsco6247"
"dynamaxcrystalsco6252","1505","★Sco6252","dynamax-crystals","false","dynamaxcrystalsco6252"
"dynamaxcrystalsco5928","1506","★Sco5928","dynamax-crystals","false","dynamaxcrystalsco5928"
"dynamaxcrystalsco6241","1507","★Sco6241","dynamax-crystals","false","dynamaxcrystalsco6241"
"dynamaxcrystalsco6165","1508","★Sco6165","dynamax-crystals","false","dynamaxcrystalsco6165"
"dynamaxcrystaltri544","1509","★Tri544","dynamax-crystals","false","dynamaxcrystaltri544"
"dynamaxcrystalleo3982","1510","★Leo3982","dynamax-crystals","false","dynamaxcrystalleo3982"
"dynamaxcrystalleo4534","1511","★Leo4534","dynamax-crystals","false","dynamaxcrystalleo4534"
"dynamaxcrystalleo4357","1512","★Leo4357","dynamax-crystals","false","dynamaxcrystalleo4357"
"dynamaxcrystalleo4057","1513","★Leo4057","dynamax-crystals","false","dynamaxcrystalleo4057"
"dynamaxcrystalleo4359","1514","★Leo4359","dynamax-crystals","false","dynamaxcrystalleo4359"
"dynamaxcrystalleo4031","1515","★Leo4031","dynamax-crystals","false","dynamaxcrystalleo4031"
"dynamaxcrystalleo3852","1516","★Leo3852","dynamax-crystals","false","dynamaxcrystalleo3852"
"dynamaxcrystalleo3905","1517","★Leo3905","dynamax-crystals","false","dynamaxcrystalleo3905"
"dynamaxcrystalleo3773","1518","★Leo3773","dynamax-crystals","false","dynamaxcrystalleo3773"
"dynamaxcrystalgru8425","1519","★Gru8425","dynamax-crystals","false","dynamaxcrystalgru8425"
"dynamaxcrystalgru8636","1520","★Gru8636","dynamax-crystals","false","dynamaxcrystalgru8636"
"dynamaxcrystalgru8353","1521","★Gru8353","dynamax-crystals","false","dynamaxcrystalgru8353"
"dynamaxcrystallib5685","1522","★Lib5685","dynamax-crystals","false","dynamaxcrystallib5685"
"dynamaxcrystallib5531","1523","★Lib5531","dynamax-crystals","false","dynamaxcrystallib5531"
"dynamaxcrystallib5787","1524","★Lib5787","dynamax-crystals","false","dynamaxcrystallib5787"
"dynamaxcrystallib5603","1525","★Lib5603","dynamax-crystals","false","dynamaxcrystallib5603"
"dynamaxcrystalpup3165","1526","★Pup3165","dynamax-crystals","false","dynamaxcrystalpup3165"
"dynamaxcrystalpup3185","1527","★Pup3185","dynamax-crystals","false","dynamaxcrystalpup3185"
"dynamaxcrystalpup3045","1528","★Pup3045","dynamax-crystals","false","dynamaxcrystalpup3045"
"dynamaxcrystalcyg7924","1529","★Cyg7924","dynamax-crystals","false","dynamaxcrystalcyg7924"
"dynamaxcrystalcyg7417","1530","★Cyg7417","dynamax-crystals","false","dynamaxcrystalcyg7417"
"dynamaxcrystalcyg7796","1531","★Cyg7796","dynamax-crystals","false","dynamaxcrystalcyg7796"
"dynamaxcrystalcyg8301","1532","★Cyg8301","dynamax-crystals","false","dynamaxcrystalcyg8301"
"dynamaxcrystalcyg7949","1533","★Cyg7949","dynamax-crystals","false","dynamaxcrystalcyg7949"
"dynamaxcrystalcyg7528","1534","★Cyg7528","dynamax-crystals","false","dynamaxcrystalcyg7528"
"dynamaxcrystaloct7228","1535","★Oct7228","dynamax-crystals","false","dynamaxcrystaloct7228"
"dynamaxcrystalcol1956","1536","★Col1956","dynamax-crystals","false","dynamaxcrystalcol1956"
"dynamaxcrystalcol2040","1537","★Col2040","dynamax-crystals","false","dynamaxcrystalcol2040"
"dynamaxcrystalcol2177","1538","★Col2177","dynamax-crystals","false","dynamaxcrystalcol2177"
"dynamaxcrystalgem2990","1539","★Gem2990","dynamax-crystals","false","dynamaxcrystalgem2990"
"dynamaxcrystalgem2891","1540","★Gem2891","dynamax-crystals","false","dynamaxcrystalgem2891"
"dynamaxcrystalgem2421","1541","★Gem2421","dynamax-crystals","false","dynamaxcrystalgem2421"
"dynamaxcrystalgem2473","1542","★Gem2473","dynamax-crystals","false","dynamaxcrystalgem2473"
"dynamaxcrystalgem2216","1543","★Gem2216","dynamax-crystals","false","dynamaxcrystalgem2216"
"dynamaxcrystalgem2777","1544","★Gem2777","dynamax-crystals","false","dynamaxcrystalgem2777"
"dynamaxcrystalgem2650","1545","★Gem2650","dynamax-crystals","false","dynamaxcrystalgem2650"
"dynamaxcrystalgem2286","1546","★Gem2286","dynamax-crystals","false","dynamaxcrystalgem2286"
"dynamaxcrystalgem2484","1547","★Gem2484","dynamax-crystals","false","dynamaxcrystalgem2484"
"dynamaxcrystalgem2930","1548","★Gem2930","dynamax-crystals","false","dynamaxcrystalgem2930"
"dynamaxcrystalpeg8775","1549","★Peg8775","dynamax-crystals","false","dynamaxcrystalpeg8775"
"dynamaxcrystalpeg8781","1550","★Peg8781","dynamax-crystals","false","dynamaxcrystalpeg8781"
"dynamaxcrystalpeg39","1551","★Peg39","dynamax-crystals","false","dynamaxcrystalpeg39"
"dynamaxcrystalpeg8308","1552","★Peg8308","dynamax-crystals","false","dynamaxcrystalpeg8308"
"dynamaxcrystalpeg8650","1553","★Peg8650","dynamax-crystals","false","dynamaxcrystalpeg8650"
"dynamaxcrystalpeg8634","1554","★Peg8634","dynamax-crystals","false","dynamaxcrystalpeg8634"
"dynamaxcrystalpeg8684","1555","★Peg8684","dynamax-crystals","false","dynamaxcrystalpeg8684"
"dynamaxcrystalpeg8450","1556","★Peg8450","dynamax-crystals","false","dynamaxcrystalpeg8450"
"dynamaxcrystalpeg8880","1557","★Peg8880","dynamax-crystals","false","dynamaxcrystalpeg8880"
"dynamaxcrystalpeg8905","1558","★Peg8905","dynamax-crystals","false","dynamaxcrystalpeg8905"
"dynamaxcrystaloph6556","1559","★Oph6556","dynamax-crystals","false","dynamaxcrystaloph6556"
"dynamaxcrystaloph6378","1560","★Oph6378","dynamax-crystals","false","dynamaxcrystaloph6378"
"dynamaxcrystaloph6603","1561","★Oph6603","dynamax-crystals","false","dynamaxcrystaloph6603"
"dynamaxcrystaloph6149","1562","★Oph6149","dynamax-crystals","false","dynamaxcrystaloph6149"
"dynamaxcrystaloph6056","1563","★Oph6056","dynamax-crystals","false","dynamaxcrystaloph6056"
"dynamaxcrystaloph6075","1564","★Oph6075","dynamax-crystals","false","dynamaxcrystaloph6075"
"dynamaxcrystalser5854","1565","★Ser5854","dynamax-crystals","false","dynamaxcrystalser5854"
"dynamaxcrystalser7141","1566","★Ser7141","dynamax-crystals","false","dynamaxcrystalser7141"
"dynamaxcrystalser5879","1567","★Ser5879","dynamax-crystals","false","dynamaxcrystalser5879"
"dynamaxcrystalher6406","1568","★Her6406","dynamax-crystals","false","dynamaxcrystalher6406"
"dynamaxcrystalher6148","1569","★Her6148","dynamax-crystals","false","dynamaxcrystalher6148"
"dynamaxcrystalher6410","1570","★Her6410","dynamax-crystals","false","dynamaxcrystalher6410"
"dynamaxcrystalher6526","1571","★Her6526","dynamax-crystals","false","dynamaxcrystalher6526"
"dynamaxcrystalher6117","1572","★Her6117","dynamax-crystals","false","dynamaxcrystalher6117"
"dynamaxcrystalher6008","1573","★Her6008","dynamax-crystals","false","dynamaxcrystalher6008"
"dynamaxcrystalper936","1574","★Per936","dynamax-crystals","false","dynamaxcrystalper936"
"dynamaxcrystalper1017","1575","★Per1017","dynamax-crystals","false","dynamaxcrystalper1017"
"dynamaxcrystalper1131","1576","★Per1131","dynamax-crystals","false","dynamaxcrystalper1131"
"dynamaxcrystalper1228","1577","★Per1228","dynamax-crystals","false","dynamaxcrystalper1228"
"dynamaxcrystalper834","1578","★Per834","dynamax-crystals","false","dynamaxcrystalper834"
"dynamaxcrystalper941","1579","★Per941","dynamax-crystals","false","dynamaxcrystalper941"
"dynamaxcrystalphe99","1580","★Phe99","dynamax-crystals","false","dynamaxcrystalphe99"
"dynamaxcrystalphe338","1581","★Phe338","dynamax-crystals","false","dynamaxcrystalphe338"
"dynamaxcrystalvel3634","1582","★Vel3634","dynamax-crystals","false","dynamaxcrystalvel3634"
"dynamaxcrystalvel3485","1583","★Vel3485","dynamax-crystals","false","dynamaxcrystalvel3485"
"dynamaxcrystalvel3734","1584","★Vel3734","dynamax-crystals","false","dynamaxcrystalvel3734"
"dynamaxcrystalaqr8232","1585","★Aqr8232","dynamax-crystals","false","dynamaxcrystalaqr8232"
"dynamaxcrystalaqr8414","1586","★Aqr8414","dynamax-crystals","false","dynamaxcrystalaqr8414"
"dynamaxcrystalaqr8709","1587","★Aqr8709","dynamax-crystals","false","dynamaxcrystalaqr8709"
"dynamaxcrystalaqr8518","1588","★Aqr8518","dynamax-crystals","false","dynamaxcrystalaqr8518"
"dynamaxcrystalaqr7950","1589","★Aqr7950","dynamax-crystals","false","dynamaxcrystalaqr7950"
"dynamaxcrystalaqr8499","1590","★Aqr8499","dynamax-crystals","false","dynamaxcrystalaqr8499"
"dynamaxcrystalaqr8610","1591","★Aqr8610","dynamax-crystals","false","dynamaxcrystalaqr8610"
"dynamaxcrystalaqr8264","1592","★Aqr8264","dynamax-crystals","false","dynamaxcrystalaqr8264"
"dynamaxcrystalcru4853","1593","★Cru4853","dynamax-crystals","false","dynamaxcrystalcru4853"
"dynamaxcrystalcru4730","1594","★Cru4730","dynamax-crystals","false","dynamaxcrystalcru4730"
"dynamaxcrystalcru4763","1595","★Cru4763","dynamax-crystals","false","dynamaxcrystalcru4763"
"dynamaxcrystalcru4700","1596","★Cru4700","dynamax-crystals","false","dynamaxcrystalcru4700"
"dynamaxcrystalcru4656","1597","★Cru4656","dynamax-crystals","false","dynamaxcrystalcru4656"
"dynamaxcrystalpsa8728","1598","★PsA8728","dynamax-crystals","false","dynamaxcrystalpsa8728"
"dynamaxcrystaltra6217","1599","★TrA6217","dynamax-crystals","false","dynamaxcrystaltra6217"
"dynamaxcrystalcap7776","1600","★Cap7776","dynamax-crystals","false","dynamaxcrystalcap7776"
"dynamaxcrystalcap7754","1601","★Cap7754","dynamax-crystals","false","dynamaxcrystalcap7754"
"dynamaxcrystalcap8278","1602","★Cap8278","dynamax-crystals","false","dynamaxcrystalcap8278"
"dynamaxcrystalcap8322","1603","★Cap8322","dynamax-crystals","false","dynamaxcrystalcap8322"
"dynamaxcrystalcap7773","1604","★Cap7773","dynamax-crystals","false","dynamaxcrystalcap7773"
"dynamaxcrystalsge7479","1605","★Sge7479","dynamax-crystals","false","dynamaxcrystalsge7479"
"dynamaxcrystalcar2326","1606","★Car2326","dynamax-crystals","false","dynamaxcrystalcar2326"
"dynamaxcrystalcar3685","1607","★Car3685","dynamax-crystals","false","dynamaxcrystalcar3685"
"dynamaxcrystalcar3307","1608","★Car3307","dynamax-crystals","false","dynamaxcrystalcar3307"
"dynamaxcrystalcar3699","1609","★Car3699","dynamax-crystals","false","dynamaxcrystalcar3699"
"dynamaxcrystaldra5744","1610","★Dra5744","dynamax-crystals","false","dynamaxcrystaldra5744"
"dynamaxcrystaldra5291","1611","★Dra5291","dynamax-crystals","false","dynamaxcrystaldra5291"
"dynamaxcrystaldra6705","1612","★Dra6705","dynamax-crystals","false","dynamaxcrystaldra6705"
"dynamaxcrystaldra6536","1613","★Dra6536","dynamax-crystals","false","dynamaxcrystaldra6536"
"dynamaxcrystaldra7310","1614","★Dra7310","dynamax-crystals","false","dynamaxcrystaldra7310"
"dynamaxcrystaldra6688","1615","★Dra6688","dynamax-crystals","false","dynamaxcrystaldra6688"
"dynamaxcrystaldra4434","1616","★Dra4434","dynamax-crystals","false","dynamaxcrystaldra4434"
"dynamaxcrystaldra6370","1617","★Dra6370","dynamax-crystals","false","dynamaxcrystaldra6370"
"dynamaxcrystaldra7462","1618","★Dra7462","dynamax-crystals","false","dynamaxcrystaldra7462"
"dynamaxcrystaldra6396","1619","★Dra6396","dynamax-crystals","false","dynamaxcrystaldra6396"
"dynamaxcrystaldra6132","1620","★Dra6132","dynamax-crystals","false","dynamaxcrystaldra6132"
"dynamaxcrystaldra6636","1621","★Dra6636","dynamax-crystals","false","dynamaxcrystaldra6636"
"dynamaxcrystalcvn4915","1622","★CVn4915","dynamax-crystals","false","dynamaxcrystalcvn4915"
"dynamaxcrystalcvn4785","1623","★CVn4785","dynamax-crystals","false","dynamaxcrystalcvn4785"
"dynamaxcrystalcvn4846","1624","★CVn4846","dynamax-crystals","false","dynamaxcrystalcvn4846"
"dynamaxcrystalaql7595","1625","★Aql7595","dynamax-crystals","false","dynamaxcrystalaql7595"
"dynamaxcrystalaql7557","1626","★Aql7557","dynamax-crystals","false","dynamaxcrystalaql7557"
"dynamaxcrystalaql7525","1627","★Aql7525","dynamax-crystals","false","dynamaxcrystalaql7525"
"dynamaxcrystalaql7602","1628","★Aql7602","dynamax-crystals","false","dynamaxcrystalaql7602"
"dynamaxcrystalaql7235","1629","★Aql7235","dynamax-crystals","false","dynamaxcrystalaql7235"
"maxhoney","1630","Max Honey","revival","false","maxhoney"
"maxmushrooms","1631","Max Mushrooms","stat-boosts","false","maxmushrooms"
"galaricatwig","1632","Galarica Twig","collectibles","false","galaricatwig"
"galaricacuff","1633","Galarica Cuff","collectibles","false","galaricacuff"
"stylecard","1634","Style Card","gameplay","false","stylecard"
"armorpass","1635","Armor Pass","plot-advancement","false","armorpass"
"rotombikesparklingwhite","1636","Rotom Bike","unused","false","rotombikesparklingwhite"
"rotombikeglisteningblack","1637","Rotom Bike","unused","false","rotombikeglisteningblack"
"expcharm","1638","Exp. Charm","gameplay","false","expcharm"
"armoriteore","1639","Armorite Ore","collectibles","false","armoriteore"
"markcharm","1640","Mark Charm","gameplay","false","markcharm"
"reinsofunitymerge","1641","Reins of Unity","unused","false","reinsofunitymerge"
"reinsofunitysplit","1642","Reins of Unity","unused","false","reinsofunitysplit"
"galaricawreath","1643","Galarica Wreath","collectibles","false","galaricawreath"
"legendaryclue1","1644","Legendary Clue 1","plot-advancement","false","legendaryclue1"
"legendaryclue2","1645","Legendary Clue 2","plot-advancement","false","legendaryclue2"
"legendaryclue3","1646","Legendary Clue 3","plot-advancement","false","legendaryclue3"
"legendarycluequestion","1647","Legendary Clue?","plot-advancement","false","legendarycluequestion"
"crownpass","1648","Crown Pass","plot-advancement","false","crownpass"
"woodencrown","1649","Wooden Crown","plot-advancement","false","woodencrown"
"radiantpetal","1650","Radiant Petal","plot-advancement","false","radiantpetal"
"whitemanehair","1651","White Mane Hair","plot-advancement","false","whitemanehair"
"blackmanehair","1652","Black Mane Hair","plot-advancement","false","blackmanehair"
"icerootcarrot","1653","Iceroot Carrot","plot-advancement","false","icerootcarrot"
"shaderootcarrot","1654","Shaderoot Carrot","plot-advancement","false","shaderootcarrot"
"dyniteore","1655","Dynite Ore","collectibles","false","dyniteore"
"carrotseeds","1656","Carrot Seeds","plot-advancement","false","carrotseeds"
"abilitypatch","1657","Ability Patch","vitamins","false","abilitypatch"
"reinsofunity","1658","Reins of Unity","plot-advancement","false","reinsofunity"
"adamantcrystal","1659","Adamant Crystal","gameplay","false","adamantcrystal"
"lustrousglobe","1660","Lustrous Globe","gameplay","false","lustrousglobe"
"griseouscore","1661","Griseous Core","gameplay","false","griseouscore"
"blankplate","1662","Blank Plate","plates","false","blankplate"
"strangeball","1663","Strange Ball","event-items","false","strangeball"
"legendplate","1664","Legend Plate","plates","false","legendplate"
"rotomphone","1665","Rotom Phone","event-items","false","rotomphone"
"sandwich","1666","Sandwich","event-items","false","sandwich"
"koraidonspokeball","1667","Koraidon’s Poké Ball","event-items","false","koraidonspokeball"
"miraidonspokeball","1668","Miraidon’s Poké Ball","event-items","false","miraidonspokeball"
"teraorb","1669","Tera Orb","event-items","false","teraorb"
"scarletbook","1670","Scarlet Book","event-items","false","scarletbook"
"violetbook","1671","Violet Book","event-items","false","violetbook"
"kofuswallet","1672","Kofu’s Wallet","plot-advancement","false","kofuswallet"
"tinybambooshoot","1673","Tiny Bamboo Shoot","loot","false","tinybambooshoot"
"bigbambooshoot","1674","Big Bamboo Shoot","loot","false","bigbambooshoot"
"scrollofdarkness","1675","Scroll of Darkness","gameplay","false","scrollofdarkness"
"scrollofwaters","1676","Scroll of Waters","gameplay","false","scrollofwaters"
"maliciousarmor","1677","Malicious Armor","evolution","false","maliciousarmor"
"normalterashard","1678","Normal Tera Shard","tera-shard","false","normalterashard"
"fireterashard","1679","Fire Tera Shard","tera-shard","false","fireterashard"
"waterterashard","1680","Water Tera Shard","tera-shard","false","waterterashard"
"electricterashard","1681","Electric Tera Shard","tera-shard","false","electricterashard"
"grassterashard","1682","Grass Tera Shard","tera-shard","false","grassterashard"
"iceterashard","1683","Ice Tera Shard","tera-shard","false","iceterashard"
"fightingterashard","1684","Fighting Tera Shard","tera-shard","false","fightingterashard"
"poisonterashard","1685","Poison Tera Shard","tera-shard","false","poisonterashard"
"groundterashard","1686","Ground Tera Shard","tera-shard","false","groundterashard"
"flyingterashard","1687","Flying Tera Shard","tera-shard","false","flyingterashard"
"psychicterashard","1688","Psychic Tera Shard","tera-shard","false","psychicterashard"
"bugterashard","1689","Bug Tera Shard","tera-shard","false","bugterashard"
"rockterashard","1690","Rock Tera Shard","tera-shard","false","rockterashard"
"ghostterashard","1691","Ghost Tera Shard","tera-shard","false","ghostterashard"
"dragonterashard","1692","Dragon Tera Shard","tera-shard","false","dragonterashard"
"darkterashard","1693","Dark Tera Shard","tera-shard","false","darkterashard"
"steelterashard","1694","Steel Tera Shard","tera-shard","false","steelterashard"
"fairyterashard","1695","Fairy Tera Shard","tera-shard","false","fairyterashard"
"boosterenergy","1696","Booster Energy","held-items","false","boosterenergy"
"abilityshield","1697","Ability Shield","held-items","false","abilityshield"
"clearamulet","1698","Clear Amulet","held-items","false","clearamulet"
"mirrorherb","1699","Mirror Herb","held-items","false","mirrorherb"
"punchingglove","1700","Punching Glove","held-items","false","punchingglove"
"covertcloak","1701","Covert Cloak","held-items","false","covertcloak"
"loadeddice","1702","Loaded Dice","held-items","false","loadeddice"
"baguette","1703","Baguette","sandwich-ingredients","false","baguette"
"mayonnaise","1704","Mayonnaise","sandwich-ingredients","false","mayonnaise"
"ketchup","1705","Ketchup","sandwich-ingredients","false","ketchup"
"mustard","1706","Mustard","sandwich-ingredients","false","mustard"
"butter","1707","Butter","sandwich-ingredients","false","butter"
"peanutbutter","1708","Peanut Butter","sandwich-ingredients","false","peanutbutter"
"chilisauce","1709","Chili Sauce","sandwich-ingredients","false","chilisauce"
"salt","1710","Salt","sandwich-ingredients","false","salt"
"pepper","1711","Pepper","sandwich-ingredients","false","pepper"
"yogurt","1712","Yogurt","sandwich-ingredients","false","yogurt"
"whippedcream","1713","Whipped Cream","sandwich-ingredients","false","whippedcream"
"creamcheese","1714","Cream Cheese","sandwich-ingredients","false","creamcheese"
"jam","1715","Jam","sandwich-ingredients","false","jam"
"marmalade","1716","Marmalade","sandwich-ingredients","false","marmalade"
"oliveoil","1717","Olive Oil","sandwich-ingredients","false","oliveoil"
"vinegar","1718","Vinegar","sandwich-ingredients","false","vinegar"
"sweetherbamystica","1719","Sweet Herba Mystica","sandwich-ingredients","false","sweetherbamystica"
"saltyherbamystica","1720","Salty Herba Mystica","sandwich-ingredients","false","saltyherbamystica"
"sourherbamystica","1721","Sour Herba Mystica","sandwich-ingredients","false","sourherbamystica"
"bitterherbamystica","1722","Bitter Herba Mystica","sandwich-ingredients","false","bitterherbamystica"
"spicyherbamystica","1723","Spicy Herba Mystica","sandwich-ingredients","false","spicyherbamystica"
"lettuce","1724","Lettuce","sandwich-ingredients","false","lettuce"
"tomato","1725","Tomato","sandwich-ingredients","false","tomato"
"cherrytomatoes","1726","Cherry Tomatoes","sandwich-ingredients","false","cherrytomatoes"
"cucumber","1727","Cucumber","sandwich-ingredients","false","cucumber"
"pickle","1728","Pickle","sandwich-ingredients","false","pickle"
"onion","1729","Onion","sandwich-ingredients","false","onion"
"redonion","1730","Red Onion","sandwich-ingredients","false","redonion"
"greenbellpepper","1731","Green Bell Pepper","sandwich-ingredients","false","greenbellpepper"
"redbellpepper","1732","Red Bell Pepper","sandwich-ingredients","false","redbellpepper"
"yellowbellpepper","1733","Yellow Bell Pepper","sandwich-ingredients","false","yellowbellpepper"
"avocado","1734","Avocado","sandwich-ingredients","false","avocado"
"bacon","1735","Bacon","sandwich-ingredients","false","bacon"
"ham","1736","Ham","sandwich-ingredients","false","ham"
"prosciutto","1737","Prosciutto","sandwich-ingredients","false","prosciutto"
"chorizo","1738","Chorizo","sandwich-ingredients","false","chorizo"
"herbedsausage","1739","Herbed Sausage","sandwich-ingredients","false","herbedsausage"
"hamburger","1740","Hamburger","sandwich-ingredients","false","hamburger"
"klawfstick","1741","Klawf Stick","sandwich-ingredients","false","klawfstick"
"smokedfillet","1742","Smoked Fillet","sandwich-ingredients","false","smokedfillet"
"friedfillet","1743","Fried Fillet","sandwich-ingredients","false","friedfillet"
"egg","1744","Egg","sandwich-ingredients","false","egg"
"potatotortilla","1745","Potato Tortilla","sandwich-ingredients","false","potatotortilla"
"tofu","1746","Tofu","sandwich-ingredients","false","tofu"
"rice","1747","Rice","sandwich-ingredients","false","rice"
"noodles","1748","Noodles","sandwich-ingredients","false","noodles"
"potatosalad","1749","Potato Salad","sandwich-ingredients","false","potatosalad"
"cheese","1750","Cheese","sandwich-ingredients","false","cheese"
"banana","1751","Banana","sandwich-ingredients","false","banana"
"strawberry","1752","Strawberry","sandwich-ingredients","false","strawberry"
"apple","1753","Apple","sandwich-ingredients","false","apple"
"kiwi","1754","Kiwi","sandwich-ingredients","false","kiwi"
"pineapple","1755","Pineapple","sandwich-ingredients","false","pineapple"
"jalapeno","1756","Jalapeño","sandwich-ingredients","false","jalapeno"
"horseradish","1757","Horseradish","sandwich-ingredients","false","horseradish"
"currypowder","1758","Curry Powder","sandwich-ingredients","false","currypowder"
"wasabi","1759","Wasabi","sandwich-ingredients","false","wasabi"
"watercress","1760","Watercress","sandwich-ingredients","false","watercress"
"basil","1761","Basil","sandwich-ingredients","false","basil"
"venonatfang","1762","Venonat Fang","tm-materials","false","venonatfang"
"diglettdirt","1763","Diglett Dirt","tm-materials","false","diglettdirt"
"meowthfur","1764","Meowth Fur","tm-materials","false","meowthfur"
"psyduckdown","1765","Psyduck Down","tm-materials","false","psyduckdown"
"mankeyfur","1766","Mankey Fur","tm-materials","false","mankeyfur"
"growlithefur","1767","Growlithe Fur","tm-materials","false","growlithefur"
"slowpokeclaw","1768","Slowpoke Claw","tm-materials","false","slowpokeclaw"
"magnemitescrew","1769","Magnemite Screw","tm-materials","false","magnemitescrew"
"grimertoxin","1770","Grimer Toxin","tm-materials","false","grimertoxin"
"shellderpearl","1771","Shellder Pearl","tm-materials","false","shellderpearl"
"gastlygas","1772","Gastly Gas","tm-materials","false","gastlygas"
"drowzeefur","1773","Drowzee Fur","tm-materials","false","drowzeefur"
"voltorbsparks","1774","Voltorb Sparks","tm-materials","false","voltorbsparks"
"scytherclaw","1775","Scyther Claw","tm-materials","false","scytherclaw"
"tauroshair","1776","Tauros Hair","tm-materials","false","tauroshair"
"magikarpscales","1777","Magikarp Scales","tm-materials","false","magikarpscales"
"dittogoo","1778","Ditto Goo","tm-materials","false","dittogoo"
"eeveefur","1779","Eevee Fur","tm-materials","false","eeveefur"
"dratiniscales","1780","Dratini Scales","tm-materials","false","dratiniscales"
"pichufur","1781","Pichu Fur","tm-materials","false","pichufur"
"igglybufffluff","1782","Igglybuff Fluff","tm-materials","false","igglybufffluff"
"mareepwool","1783","Mareep Wool","tm-materials","false","mareepwool"
"hoppipleaf","1784","Hoppip Leaf","tm-materials","false","hoppipleaf"
"sunkernleaf","1785","Sunkern Leaf","tm-materials","false","sunkernleaf"
"murkrowbauble","1786","Murkrow Bauble","tm-materials","false","murkrowbauble"
"misdreavustears","1787","Misdreavus Tears","tm-materials","false","misdreavustears"
"girafarigfur","1788","Girafarig Fur","tm-materials","false","girafarigfur"
"pinecohusk","1789","Pineco Husk","tm-materials","false","pinecohusk"
"dunsparcescales","1790","Dunsparce Scales","tm-materials","false","dunsparcescales"
"qwilfishspines","1791","Qwilfish Spines","tm-materials","false","qwilfishspines"
"heracrossclaw","1792","Heracross Claw","tm-materials","false","heracrossclaw"
"sneaselclaw","1793","Sneasel Claw","tm-materials","false","sneaselclaw"
"teddiursaclaw","1794","Teddiursa Claw","tm-materials","false","teddiursaclaw"
"delibirdparcel","1795","Delibird Parcel","tm-materials","false","delibirdparcel"
"houndourfang","1796","Houndour Fang","tm-materials","false","houndourfang"
"phanpynail","1797","Phanpy Nail","tm-materials","false","phanpynail"
"stantlerhair","1798","Stantler Hair","tm-materials","false","stantlerhair"
"larvitarclaw","1799","Larvitar Claw","tm-materials","false","larvitarclaw"
"wingullfeather","1800","Wingull Feather","tm-materials","false","wingullfeather"
"raltsdust","1801","Ralts Dust","tm-materials","false","raltsdust"
"surskitsyrup","1802","Surskit Syrup","tm-materials","false","surskitsyrup"
"shroomishspores","1803","Shroomish Spores","tm-materials","false","shroomishspores"
"slakothfur","1804","Slakoth Fur","tm-materials","false","slakothfur"
"makuhitasweat","1805","Makuhita Sweat","tm-materials","false","makuhitasweat"
"azurillfur","1806","Azurill Fur","tm-materials","false","azurillfur"
"sableyegem","1807","Sableye Gem","tm-materials","false","sableyegem"
"medititesweat","1808","Meditite Sweat","tm-materials","false","medititesweat"
"gulpinmucus","1809","Gulpin Mucus","tm-materials","false","gulpinmucus"
"numellava","1810","Numel Lava","tm-materials","false","numellava"
"torkoalcoal","1811","Torkoal Coal","tm-materials","false","torkoalcoal"
"spoinkpearl","1812","Spoink Pearl","tm-materials","false","spoinkpearl"
"cacneaneedle","1813","Cacnea Needle","tm-materials","false","cacneaneedle"
"swablufluff","1814","Swablu Fluff","tm-materials","false","swablufluff"
"zangooseclaw","1815","Zangoose Claw","tm-materials","false","zangooseclaw"
"seviperfang","1816","Seviper Fang","tm-materials","false","seviperfang"
"barboachslime","1817","Barboach Slime","tm-materials","false","barboachslime"
"shuppetscrap","1818","Shuppet Scrap","tm-materials","false","shuppetscrap"
"tropiusleaf","1819","Tropius Leaf","tm-materials","false","tropiusleaf"
"snoruntfur","1820","Snorunt Fur","tm-materials","false","snoruntfur"
"luvdiscscales","1821","Luvdisc Scales","tm-materials","false","luvdiscscales"
"bagonscales","1822","Bagon Scales","tm-materials","false","bagonscales"
"starlyfeather","1823","Starly Feather","tm-materials","false","starlyfeather"
"kricketotshell","1824","Kricketot Shell","tm-materials","false","kricketotshell"
"shinxfang","1825","Shinx Fang","tm-materials","false","shinxfang"
"combeehoney","1826","Combee Honey","tm-materials","false","combeehoney"
"pachirisufur","1827","Pachirisu Fur","tm-materials","false","pachirisufur"
"buizelfur","1828","Buizel Fur","tm-materials","false","buizelfur"
"shellosmucus","1829","Shellos Mucus","tm-materials","false","shellosmucus"
"drifloongas","1830","Drifloon Gas","tm-materials","false","drifloongas"
"stunkyfur","1831","Stunky Fur","tm-materials","false","stunkyfur"
"bronzorfragment","1832","Bronzor Fragment","tm-materials","false","bronzorfragment"
"bonslytears","1833","Bonsly Tears","tm-materials","false","bonslytears"
"happinydust","1834","Happiny Dust","tm-materials","false","happinydust"
"spiritombfragment","1835","Spiritomb Fragment","tm-materials","false","spiritombfragment"
"giblescales","1836","Gible Scales","tm-materials","false","giblescales"
"riolufur","1837","Riolu Fur","tm-materials","false","riolufur"
"hippopotassand","1838","Hippopotas Sand","tm-materials","false","hippopotassand"
"croagunkpoison","1839","Croagunk Poison","tm-materials","false","croagunkpoison"
"finneonscales","1840","Finneon Scales","tm-materials","false","finneonscales"
"snoverberries","1841","Snover Berries","tm-materials","false","snoverberries"
"rotomsparks","1842","Rotom Sparks","tm-materials","false","rotomsparks"
"petililleaf","1843","Petilil Leaf","tm-materials","false","petililleaf"
"basculinfang","1844","Basculin Fang","tm-materials","false","basculinfang"
"sandileclaw","1845","Sandile Claw","tm-materials","false","sandileclaw"
"zoruafur","1846","Zorua Fur","tm-materials","false","zoruafur"
"gothitaeyelash","1847","Gothita Eyelash","tm-materials","false","gothitaeyelash"
"deerlinghair","1848","Deerling Hair","tm-materials","false","deerlinghair"
"foongusspores","1849","Foongus Spores","tm-materials","false","foongusspores"
"alomomolamucus","1850","Alomomola Mucus","tm-materials","false","alomomolamucus"
"tynamoslime","1851","Tynamo Slime","tm-materials","false","tynamoslime"
"axewscales","1852","Axew Scales","tm-materials","false","axewscales"
"cubchoofur","1853","Cubchoo Fur","tm-materials","false","cubchoofur"
"cryogonalice","1854","Cryogonal Ice","tm-materials","false","cryogonalice"
"pawniardblade","1855","Pawniard Blade","tm-materials","false","pawniardblade"
"ruffletfeather","1856","Rufflet Feather","tm-materials","false","ruffletfeather"
"deinoscales","1857","Deino Scales","tm-materials","false","deinoscales"
"larvestafuzz","1858","Larvesta Fuzz","tm-materials","false","larvestafuzz"
"fletchlingfeather","1859","Fletchling Feather","tm-materials","false","fletchlingfeather"
"scatterbugpowder","1860","Scatterbug Powder","tm-materials","false","scatterbugpowder"
"litleotuft","1861","Litleo Tuft","tm-materials","false","litleotuft"
"flabebepollen","1862","Flabébé Pollen","tm-materials","false","flabebepollen"
"skiddoleaf","1863","Skiddo Leaf","tm-materials","false","skiddoleaf"
"skrelpkelp","1864","Skrelp Kelp","tm-materials","false","skrelpkelp"
"clauncherclaw","1865","Clauncher Claw","tm-materials","false","clauncherclaw"
"hawluchadown","1866","Hawlucha Down","tm-materials","false","hawluchadown"
"dedennefur","1867","Dedenne Fur","tm-materials","false","dedennefur"
"goomygoo","1868","Goomy Goo","tm-materials","false","goomygoo"
"klefkikey","1869","Klefki Key","tm-materials","false","klefkikey"
"bergmiteice","1870","Bergmite Ice","tm-materials","false","bergmiteice"
"noibatfur","1871","Noibat Fur","tm-materials","false","noibatfur"
"yungoosfur","1872","Yungoos Fur","tm-materials","false","yungoosfur"
"crabrawlershell","1873","Crabrawler Shell","tm-materials","false","crabrawlershell"
"oricoriofeather","1874","Oricorio Feather","tm-materials","false","oricoriofeather"
"rockruffrock","1875","Rockruff Rock","tm-materials","false","rockruffrock"
"mareaniespike","1876","Mareanie Spike","tm-materials","false","mareaniespike"
"mudbraymud","1877","Mudbray Mud","tm-materials","false","mudbraymud"
"fomantisleaf","1878","Fomantis Leaf","tm-materials","false","fomantisleaf"
"salanditgas","1879","Salandit Gas","tm-materials","false","salanditgas"
"bounsweetsweat","1880","Bounsweet Sweat","tm-materials","false","bounsweetsweat"
"orangurufur","1881","Oranguru Fur","tm-materials","false","orangurufur"
"passimianfur","1882","Passimian Fur","tm-materials","false","passimianfur"
"sandygastsand","1883","Sandygast Sand","tm-materials","false","sandygastsand"
"komalaclaw","1884","Komala Claw","tm-materials","false","komalaclaw"
"mimikyuscrap","1885","Mimikyu Scrap","tm-materials","false","mimikyuscrap"
"bruxishtooth","1886","Bruxish Tooth","tm-materials","false","bruxishtooth"
"chewtleclaw","1887","Chewtle Claw","tm-materials","false","chewtleclaw"
"skwovetfur","1888","Skwovet Fur","tm-materials","false","skwovetfur"
"arrokudascales","1889","Arrokuda Scales","tm-materials","false","arrokudascales"
"rookideefeather","1890","Rookidee Feather","tm-materials","false","rookideefeather"
"toxelsparks","1891","Toxel Sparks","tm-materials","false","toxelsparks"
"falinkssweat","1892","Falinks Sweat","tm-materials","false","falinkssweat"
"cufanttarnish","1893","Cufant Tarnish","tm-materials","false","cufanttarnish"
"rolycolycoal","1894","Rolycoly Coal","tm-materials","false","rolycolycoal"
"silicobrasand","1895","Silicobra Sand","tm-materials","false","silicobrasand"
"indeedeefur","1896","Indeedee Fur","tm-materials","false","indeedeefur"
"pincurchinspines","1897","Pincurchin Spines","tm-materials","false","pincurchinspines"
"snomthread","1898","Snom Thread","tm-materials","false","snomthread"
"impidimphair","1899","Impidimp Hair","tm-materials","false","impidimphair"
"applinjuice","1900","Applin Juice","tm-materials","false","applinjuice"
"sinisteachip","1901","Sinistea Chip","tm-materials","false","sinisteachip"
"hatennadust","1902","Hatenna Dust","tm-materials","false","hatennadust"
"stonjournerstone","1903","Stonjourner Stone","tm-materials","false","stonjournerstone"
"eiscuedown","1904","Eiscue Down","tm-materials","false","eiscuedown"
"dreepypowder","1905","Dreepy Powder","tm-materials","false","dreepypowder"
"lechonkhair","1906","Lechonk Hair","tm-materials","false","lechonkhair"
"tarountulathread","1907","Tarountula Thread","tm-materials","false","tarountulathread"
"nymbleclaw","1908","Nymble Claw","tm-materials","false","nymbleclaw"
"rellormud","1909","Rellor Mud","tm-materials","false","rellormud"
"greavardwax","1910","Greavard Wax","tm-materials","false","greavardwax"
"flittledown","1911","Flittle Down","tm-materials","false","flittledown"
"wiglettsand","1912","Wiglett Sand","tm-materials","false","wiglettsand"
"dondozowhisker","1913","Dondozo Whisker","tm-materials","false","dondozowhisker"
"veluzafillet","1914","Veluza Fillet","tm-materials","false","veluzafillet"
"finizenmucus","1915","Finizen Mucus","tm-materials","false","finizenmucus"
"smolivoil","1916","Smoliv Oil","tm-materials","false","smolivoil"
"capsakidseed","1917","Capsakid Seed","tm-materials","false","capsakidseed"
"tadbulbmucus","1918","Tadbulb Mucus","tm-materials","false","tadbulbmucus"
"varoomfume","1919","Varoom Fume","tm-materials","false","varoomfume"
"orthwormtarnish","1920","Orthworm Tarnish","tm-materials","false","orthwormtarnish"
"tandemausfur","1921","Tandemaus Fur","tm-materials","false","tandemausfur"
"cetoddlegrease","1922","Cetoddle Grease","tm-materials","false","cetoddlegrease"
"frigibaxscales","1923","Frigibax Scales","tm-materials","false","frigibaxscales"
"tatsugiriscales","1924","Tatsugiri Scales","tm-materials","false","tatsugiriscales"
"cyclizarscales","1925","Cyclizar Scales","tm-materials","false","cyclizarscales"
"pawmifur","1926","Pawmi Fur","tm-materials","false","pawmifur"
"wattrelfeather","1927","Wattrel Feather","tm-materials","false","wattrelfeather"
"bombirdierfeather","1928","Bombirdier Feather","tm-materials","false","bombirdierfeather"
"squawkabillyfeather","1929","Squawkabilly Feather","tm-materials","false","squawkabillyfeather"
"flamigodown","1930","Flamigo Down","tm-materials","false","flamigodown"
"klawfclaw","1931","Klawf Claw","tm-materials","false","klawfclaw"
"naclisalt","1932","Nacli Salt","tm-materials","false","naclisalt"
"glimmetcrystal","1933","Glimmet Crystal","tm-materials","false","glimmetcrystal"
"shroodleink","1934","Shroodle Ink","tm-materials","false","shroodleink"
"fidoughfur","1935","Fidough Fur","tm-materials","false","fidoughfur"
"maschifffang","1936","Maschiff Fang","tm-materials","false","maschifffang"
"bramblintwig","1937","Bramblin Twig","tm-materials","false","bramblintwig"
"gimmighoulcoin","1938","Gimmighoul Coin","tm-materials","false","gimmighoulcoin"
"tinkatinkhair","1939","Tinkatink Hair","tm-materials","false","tinkatinkhair"
"charcadetsoot","1940","Charcadet Soot","tm-materials","false","charcadetsoot"
"toedscoolflaps","1941","Toedscool Flaps","tm-materials","false","toedscoolflaps"
"wooperslime","1942","Wooper Slime","tm-materials","false","wooperslime"
"tm101","1944","TM101","all-machines","true","tm101"
"tm102","1945","TM102","all-machines","true","tm102"
"tm103","1946","TM103","all-machines","true","tm103"
"tm104","1947","TM104","all-machines","true","tm104"
"tm105","1948","TM105","all-machines","true","tm105"
"tm106","1949","TM106","all-machines","true","tm106"
"tm107","1950","TM107","all-machines","true","tm107"
"tm108","1951","TM108","all-machines","true","tm108"
"tm109","1952","TM109","all-machines","true","tm109"
"tm110","1953","TM110","all-machines","true","tm110"
"tm111","1954","TM111","all-machines","true","tm111"
"tm112","1955","TM112","all-machines","true","tm112"
"tm113","1956","TM113","all-machines","true","tm113"
"tm114","1957","TM114","all-machines","true","tm114"
"tm115","1958","TM115","all-machines","true","tm115"
"tm116","1959","TM116","all-machines","true","tm116"
"tm117","1960","TM117","all-machines","true","tm117"
"tm118","1961","TM118","all-machines","true","tm118"
"tm119","1962","TM119","all-machines","true","tm119"
"tm120","1963","TM120","all-machines","true","tm120"
"tm121","1964","TM121","all-machines","true","tm121"
"tm122","1965","TM122","all-machines","true","tm122"
"tm123","1966","TM123","all-machines","true","tm123"
"tm124","1967","TM124","all-machines","true","tm124"
"tm125","1968","TM125","all-machines","true","tm125"
"tm126","1969","TM126","all-machines","true","tm126"
"tm127","1970","TM127","all-machines","true","tm127"
"tm128","1971","TM128","all-machines","true","tm128"
"tm129","1972","TM129","all-machines","true","tm129"
"tm130","1973","TM130","all-machines","true","tm130"
"tm131","1974","TM131","all-machines","true","tm131"
"tm132","1975","TM132","all-machines","true","tm132"
"tm133","1976","TM133","all-machines","true","tm133"
"tm134","1977","TM134","all-machines","true","tm134"
"tm135","1978","TM135","all-machines","true","tm135"
"tm136","1979","TM136","all-machines","true","tm136"
"tm137","1980","TM137","all-machines","true","tm137"
"tm138","1981","TM138","all-machines","true","tm138"
"tm139","1982","TM139","all-machines","true","tm139"
"tm140","1983","TM140","all-machines","true","tm140"
"tm141","1984","TM141","all-machines","true","tm141"
"tm142","1985","TM142","all-machines","true","tm142"
"tm143","1986","TM143","all-machines","true","tm143"
"tm144","1987","TM144","all-machines","true","tm144"
"tm145","1988","TM145","all-machines","true","tm145"
"tm146","1989","TM146","all-machines","true","tm146"
"tm147","1990","TM147","all-machines","true","tm147"
"tm148","1991","TM148","all-machines","true","tm148"
"tm149","1992","TM149","all-machines","true","tm149"
"tm150","1993","TM150","all-machines","true","tm150"
"tm151","1994","TM151","all-machines","true","tm151"
"tm152","1995","TM152","all-machines","true","tm152"
"tm153","1996","TM153","all-machines","true","tm153"
"tm154","1997","TM154","all-machines","true","tm154"
"tm155","1998","TM155","all-machines","true","tm155"
"tm156","1999","TM156","all-machines","true","tm156"
"tm157","2000","TM157","all-machines","true","tm157"
"tm158","2001","TM158","all-machines","true","tm158"
"tm159","2002","TM159","all-machines","true","tm159"
"tm160","2003","TM160","all-machines","true","tm160"
"tm161","2004","TM161","all-machines","true","tm161"
"tm162","2005","TM162","all-machines","true","tm162"
"tm163","2006","TM163","all-machines","true","tm163"
"tm164","2007","TM164","all-machines","true","tm164"
"tm165","2008","TM165","all-machines","true","tm165"
"tm166","2009","TM166","all-machines","true","tm166"
"tm167","2010","TM167","all-machines","true","tm167"
"tm168","2011","TM168","all-machines","true","tm168"
"tm169","2012","TM169","all-machines","true","tm169"
"tm170","2013","TM170","all-machines","true","tm170"
"tm171","2014","TM171","all-machines","true","tm171"
"picnicset","2015","Picnic Set","picnic","false","picnicset"
"academybottle","2016","Academy Bottle","picnic","false","academybottle"
"polkadotbottle","2018","Polka-Dot Bottle","picnic","false","polkadotbottle"
"stripedbottle","2019","Striped Bottle","picnic","false","stripedbottle"
"diamondbottle","2020","Diamond Bottle","picnic","false","diamondbottle"
"academycup","2021","Academy Cup","picnic","false","academycup"
"stripedcup","2023","Striped Cup","picnic","false","stripedcup"
"polkadotcup","2024","Polka-Dot Cup","picnic","false","polkadotcup"
"flowerpatterncup","2025","Flower Pattern Cup","picnic","false","flowerpatterncup"
"academytablecloth","2026","Academy Tablecloth","picnic","false","academytablecloth"
"whimsicaltablecloth","2028","Whimsical Tablecloth","picnic","false","whimsicaltablecloth"
"leafytablecloth","2029","Leafy Tablecloth","picnic","false","leafytablecloth"
"spookytablecloth","2030","Spooky Tablecloth","picnic","false","spookytablecloth"
"academyball","2031","Academy Ball","picnic","false","academyball"
"marillball","2033","Marill Ball","picnic","false","marillball"
"yarnball","2034","Yarn Ball","picnic","false","yarnball"
"cyberball","2035","Cyber Ball","picnic","false","cyberball"
"goldpick","2036","Gold Pick","picnic","false","goldpick"
"silverpick","2037","Silver Pick","picnic","false","silverpick"
"redflagpick","2038","Red-Flag Pick","picnic","false","redflagpick"
"blueflagpick","2039","Blue-Flag Pick","picnic","false","blueflagpick"
"pikapikapick","2040","Pika-Pika Pick","picnic","false","pikapikapick"
"winkingpikapick","2041","Winking Pika Pick","picnic","false","winkingpikapick"
"veeveepick","2042","Vee-Vee Pick","picnic","false","veeveepick"
"smilingveepick","2043","Smiling Vee Pick","picnic","false","smilingveepick"
"bluepokeballpick","2044","Blue Poké Ball Pick","picnic","false","bluepokeballpick"
"auspiciousarmor","2045","Auspicious Armor","picnic","false","auspiciousarmor"
"leaderscrest","2046","Leader’s Crest","picnic","false","leaderscrest"
"pinkbottle","2047","Pink Bottle","picnic","false","pinkbottle"
"bluebottle","2048","Blue Bottle","picnic","false","bluebottle"
"yellowbottle","2049","Yellow Bottle","picnic","false","yellowbottle"
"steelbottler","2050","Steel Bottle (R)","picnic","false","steelbottler"
"steelbottley","2051","Steel Bottle (Y)","picnic","false","steelbottley"
"steelbottleb","2052","Steel Bottle (B)","picnic","false","steelbottleb"
"silverbottle","2053","Silver Bottle","picnic","false","silverbottle"
"barredcup","2054","Barred Cup","picnic","false","barredcup"
"diamondpatterncup","2055","Diamond Pattern Cup","picnic","false","diamondpatterncup"
"firepatterncup","2056","Fire Pattern Cup","picnic","false","firepatterncup"
"pinkcup","2057","Pink Cup","picnic","false","pinkcup"
"bluecup","2058","Blue Cup","picnic","false","bluecup"
"yellowcup","2059","Yellow Cup","picnic","false","yellowcup"
"pikachucup","2060","Pikachu Cup","picnic","false","pikachucup"
"eeveecup","2061","Eevee Cup","picnic","false","eeveecup"
"slowpokecup","2062","Slowpoke Cup","picnic","false","slowpokecup"
"silvercup","2063","Silver Cup","picnic","false","silvercup"
"exerciseball","2064","Exercise Ball","picnic","false","exerciseball"
"plaidtableclothy","2065","Plaid Tablecloth (Y)","picnic","false","plaidtableclothy"
"plaidtableclothb","2066","Plaid Tablecloth (B)","picnic","false","plaidtableclothb"
"plaidtableclothr","2067","Plaid Tablecloth (R)","picnic","false","plaidtableclothr"
"bwgrasstablecloth","2068","B&W Grass Tablecloth","picnic","false","bwgrasstablecloth"
"battletablecloth","2069","Battle Tablecloth","picnic","false","battletablecloth"
"monstroustablecloth","2070","Monstrous Tablecloth","picnic","false","monstroustablecloth"
"stripedtablecloth","2071","Striped Tablecloth","picnic","false","stripedtablecloth"
"diamondtablecloth","2072","Diamond Tablecloth","picnic","false","diamondtablecloth"
"polkadottablecloth","2073","Polka-Dot Tablecloth","picnic","false","polkadottablecloth"
"lilactablecloth","2074","Lilac Tablecloth","picnic","false","lilactablecloth"
"minttablecloth","2075","Mint Tablecloth","picnic","false","minttablecloth"
"peachtablecloth","2076","Peach Tablecloth","picnic","false","peachtablecloth"
"yellowtablecloth","2077","Yellow Tablecloth","picnic","false","yellowtablecloth"
"bluetablecloth","2078","Blue Tablecloth","picnic","false","bluetablecloth"
"pinktablecloth","2079","Pink Tablecloth","picnic","false","pinktablecloth"
"goldbottle","2080","Gold Bottle","picnic","false","goldbottle"
"bronzebottle","2081","Bronze Bottle","picnic","false","bronzebottle"
"goldcup","2082","Gold Cup","picnic","false","goldcup"
"bronzecup","2083","Bronze Cup","picnic","false","bronzecup"
"greenpokeballpick","2084","Green Poké Ball Pick","picnic","false","greenpokeballpick"
"redpokeballpick","2085","Red Poké Ball Pick","picnic","false","redpokeballpick"
"partysparklerpick","2086","Party Sparkler Pick","picnic","false","partysparklerpick"
"heroicswordpick","2087","Heroic Sword Pick","picnic","false","heroicswordpick"
"magicalstarpick","2088","Magical Star Pick","picnic","false","magicalstarpick"
"magicalheartpick","2089","Magical Heart Pick","picnic","false","magicalheartpick"
"parasolpick","2090","Parasol Pick","picnic","false","parasolpick"
"blueskyflowerpick","2091","Blue-Sky Flower Pick","picnic","false","blueskyflowerpick"
"sunsetflowerpick","2092","Sunset Flower Pick","picnic","false","sunsetflowerpick"
"sunriseflowerpick","2093","Sunrise Flower Pick","picnic","false","sunriseflowerpick"
"bluedish","2094","Blue Dish","picnic","false","bluedish"
"greendish","2095","Green Dish","picnic","false","greendish"
"orangedish","2096","Orange Dish","picnic","false","orangedish"
"reddish","2097","Red Dish","picnic","false","reddish"
"whitedish","2098","White Dish","picnic","false","whitedish"
"yellowdish","2099","Yellow Dish","picnic","false","yellowdish"
"rotostick","2100","Roto Stick","gameplay","false","rotostick"
"tealstylecard","2101","Teal Style Card","gameplay","false","tealstylecard"
"tealmask","2102","Teal Mask","event-items","false","tealmask"
"glimmeringcharm","2103","Glimmering Charm","gameplay","false","glimmeringcharm"
"crystalcluster","2104","Crystal Cluster","event-items","false","crystalcluster"
"fairyfeather","2105","Fairy Feather","held-items","false","fairyfeather"
"wellspringmask","2106","Wellspring Mask","held-items","false","wellspringmask"
"hearthflamemask","2107","Hearthflame Mask","held-items","false","hearthflamemask"
"cornerstonemask","2108","Cornerstone Mask","held-items","false","cornerstonemask"
"syrupyapple","2109","Syrupy Apple","evolution","false","syrupyapple"
"unremarkableteacup","2110","Unremarkable Teacup","evolution","false","unremarkableteacup"
"masterpieceteacup","2111","Masterpiece Teacup","evolution","false","masterpieceteacup"
"healthmochi","2112","Health Mochi","vitamins","false","healthmochi"
"musclemochi","2113","Muscle Mochi","vitamins","false","musclemochi"
"resistmochi","2114","Resist Mochi","vitamins","false","resistmochi"
"geniusmochi","2115","Genius Mochi","vitamins","false","geniusmochi"
"clevermochi","2116","Clever Mochi","vitamins","false","clevermochi"
"swiftmochi","2117","Swift Mochi","vitamins","false","swiftmochi"
"freshstartmochi","2118","Fresh Start Mochi","vitamins","false","freshstartmochi"
"ekansfang","2119","Ekans Fang","tm-materials","false","ekansfang"
"sandshrewclaw","2120","Sandshrew Claw","tm-materials","false","sandshrewclaw"
"cleffafur","2121","Cleffa Fur","tm-materials","false","cleffafur"
"vulpixfur","2122","Vulpix Fur","tm-materials","false","vulpixfur"
"poliwagslime","2123","Poliwag Slime","tm-materials","false","poliwagslime"
"bellsproutvine","2124","Bellsprout Vine","tm-materials","false","bellsproutvine"
"geodudefragment","2125","Geodude Fragment","tm-materials","false","geodudefragment"
"koffinggas","2126","Koffing Gas","tm-materials","false","koffinggas"
"munchlaxfang","2127","Munchlax Fang","tm-materials","false","munchlaxfang"
"sentretfur","2128","Sentret Fur","tm-materials","false","sentretfur"
"hoothootfeather","2129","Hoothoot Feather","tm-materials","false","hoothootfeather"
"spinarakthread","2130","Spinarak Thread","tm-materials","false","spinarakthread"
"aipomhair","2131","Aipom Hair","tm-materials","false","aipomhair"
"yanmaspike","2132","Yanma Spike","tm-materials","false","yanmaspike"
"gligarfang","2133","Gligar Fang","tm-materials","false","gligarfang"
"slugmalava","2134","Slugma Lava","tm-materials","false","slugmalava"
"swinubhair","2135","Swinub Hair","tm-materials","false","swinubhair"
"poochyenafang","2136","Poochyena Fang","tm-materials","false","poochyenafang"
"lotadleaf","2137","Lotad Leaf","tm-materials","false","lotadleaf"
"seedotstem","2138","Seedot Stem","tm-materials","false","seedotstem"
"nosepassfragment","2139","Nosepass Fragment","tm-materials","false","nosepassfragment"
"volbeatfluid","2140","Volbeat Fluid","tm-materials","false","volbeatfluid"
"illumisefluid","2141","Illumise Fluid","tm-materials","false","illumisefluid"
"corphishshell","2142","Corphish Shell","tm-materials","false","corphishshell"
"feebasscales","2143","Feebas Scales","tm-materials","false","feebasscales"
"duskullfragment","2144","Duskull Fragment","tm-materials","false","duskullfragment"
"chinglingfragment","2145","Chingling Fragment","tm-materials","false","chinglingfragment"
"timburrsweat","2146","Timburr Sweat","tm-materials","false","timburrsweat"
"sewaddleleaf","2147","Sewaddle Leaf","tm-materials","false","sewaddleleaf"
"ducklettfeather","2148","Ducklett Feather","tm-materials","false","ducklettfeather"
"litwicksoot","2149","Litwick Soot","tm-materials","false","litwicksoot"
"mienfooclaw","2150","Mienfoo Claw","tm-materials","false","mienfooclaw"
"vullabyfeather","2151","Vullaby Feather","tm-materials","false","vullabyfeather"
"carbinkjewel","2152","Carbink Jewel","tm-materials","false","carbinkjewel"
"phantumptwig","2153","Phantump Twig","tm-materials","false","phantumptwig"
"grubbinthread","2154","Grubbin Thread","tm-materials","false","grubbinthread"
"cutieflypowder","2155","Cutiefly Powder","tm-materials","false","cutieflypowder"
"jangmooscales","2156","Jangmo-o Scales","tm-materials","false","jangmooscales"
"cramorantdown","2157","Cramorant Down","tm-materials","false","cramorantdown"
"morpekosnack","2158","Morpeko Snack","tm-materials","false","morpekosnack"
"poltchageistpowder","2159","Poltchageist Powder","tm-materials","false","poltchageistpowder"
"linkingcord","2160","Linking Cord","evolution","false","linkingcord"
"tm172","2161","TM172","all-machines","true","tm172"
"tm173","2162","TM173","all-machines","true","tm173"
"tm174","2163","TM174","all-machines","true","tm174"
"tm175","2164","TM175","all-machines","true","tm175"
"tm176","2165","TM176","all-machines","true","tm176"
"tm177","2166","TM177","all-machines","true","tm177"
"tm178","2167","TM178","all-machines","true","tm178"
"tm179","2168","TM179","all-machines","true","tm179"
"tm180","2169","TM180","all-machines","true","tm180"
"tm181","2170","TM181","all-machines","true","tm181"
"tm182","2171","TM182","all-machines","true","tm182"
"tm183","2172","TM183","all-machines","true","tm183"
"tm184","2173","TM184","all-machines","true","tm184"
"tm185","2174","TM185","all-machines","true","tm185"
"tm186","2175","TM186","all-machines","true","tm186"
"tm187","2176","TM187","all-machines","true","tm187"
"tm188","2177","TM188","all-machines","true","tm188"
"tm189","2178","TM189","all-machines","true","tm189"
"tm190","2179","TM190","all-machines","true","tm190"
"tm191","2180","TM191","all-machines","true","tm191"
"tm192","2181","TM192","all-machines","true","tm192"
"tm193","2182","TM193","all-machines","true","tm193"
"tm194","2183","TM194","all-machines","true","tm194"
"tm195","2184","TM195","all-machines","true","tm195"
"tm196","2185","TM196","all-machines","true","tm196"
"tm197","2186","TM197","all-machines","true","tm197"
"tm198","2187","TM198","all-machines","true","tm198"
"tm199","2188","TM199","all-machines","true","tm199"
"tm200","2189","TM200","all-machines","true","tm200"
"tm201","2190","TM201","all-machines","true","tm201"
"tm202","2191","TM202","all-machines","true","tm202"
"tm203","2192","TM203","all-machines","true","tm203"
"tm204","2193","TM204","all-machines","true","tm204"
"tm205","2194","TM205","all-machines","true","tm205"
"tm206","2195","TM206","all-machines","true","tm206"
"tm207","2196","TM207","all-machines","true","tm207"
"tm208","2197","TM208","all-machines","true","tm208"
"tm209","2198","TM209","all-machines","true","tm209"
"tm210","2199","TM210","all-machines","true","tm210"
"tm211","2200","TM211","all-machines","true","tm211"
"tm212","2201","TM212","all-machines","true","tm212"
"tm213","2202","TM213","all-machines","true","tm213"
"tm214","2203","TM214","all-machines","true","tm214"
"tm215","2204","TM215","all-machines","true","tm215"
"tm216","2205","TM216","all-machines","true","tm216"
"tm217","2206","TM217","all-machines","true","tm217"
"tm218","2207","TM218","all-machines","true","tm218"
"tm219","2208","TM219","all-machines","true","tm219"
"tm220","2209","TM220","all-machines","true","tm220"
"tm221","2210","TM221","all-machines","true","tm221"
"tm222","2211","TM222","all-machines","true","tm222"
"tm223","2212","TM223","all-machines","true","tm223"
"tm224","2213","TM224","all-machines","true","tm224"
"tm225","2214","TM225","all-machines","true","tm225"
"tm226","2215","TM226","all-machines","true","tm226"
"tm227","2216","TM227","all-machines","true","tm227"
"tm228","2217","TM228","all-machines","true","tm228"
"tm229","2218","TM229","all-machines","true","tm229"
"lastrangeball","2219","Strange Ball","standard-balls","true","lastrangeball"
"lapokeball","2220","Poké Ball","standard-balls","true","lapokeball"
"lagreatball","2221","Great Ball","standard-balls","true","lagreatball"
"laultraball","2222","Ultra Ball","standard-balls","true","laultraball"
"laheavyball","2223","Heavy Ball","standard-balls","true","laheavyball"
"laleadenball","2224","Leaden Ball","standard-balls","true","laleadenball"
"lagigatonball","2225","Gigaton Ball","standard-balls","true","lagigatonball"
"lafeatherball","2226","Feather Ball","standard-balls","true","lafeatherball"
"lawingball","2227","Wing Ball","standard-balls","true","lawingball"
"lajetball","2228","Jet Ball","standard-balls","true","lajetball"
"laoriginball","2229","Origin Ball","standard-balls","true","laoriginball"
"blackaugurite","2230","Black Augurite","evolution","false","blackaugurite"
"peatblock","2231","Peat Block","evolution","false","peatblock"
"metalalloy","2232","Metal Alloy","evolution","false","metalalloy"
"clefablite","2233","clefablite","mega-stones","false","clefablite"
"victreebelite","2234","victreebelite","mega-stones","false","victreebelite"
"starminite","2235","starminite","mega-stones","false","starminite"
"dragoninite","2236","dragoninite","mega-stones","false","dragoninite"
"meganiumite","2237","meganiumite","mega-stones","false","meganiumite"
"feraligite","2238","feraligite","mega-stones","false","feraligite"
"skarmorite","2239","skarmorite","mega-stones","false","skarmorite"
"froslassite","2240","froslassite","mega-stones","false","froslassite"
"heatranite","2241","heatranite","mega-stones","false","heatranite"
"darkranite","2242","darkranite","mega-stones","false","darkranite"
"emboarite","2243","emboarite","mega-stones","false","emboarite"
"excadrite","2244","excadrite","mega-stones","false","excadrite"
"scolipite","2245","scolipite","mega-stones","false","scolipite"
"scraftinite","2246","scraftinite","mega-stones","false","scraftinite"
"eelektrossite","2247","eelektrossite","mega-stones","false","eelektrossite"
"chandelurite","2248","chandelurite","mega-stones","false","chandelurite"
"chesnaughtite","2249","chesnaughtite","mega-stones","false","chesnaughtite"
"delphoxite","2250","delphoxite","mega-stones","false","delphoxite"
"greninjite","2251","greninjite","mega-stones","false","greninjite"
"pyroarite","2252","pyroarite","mega-stones","false","pyroarite"
"floettite","2253","floettite","mega-stones","false","floettite"
"malamarite","2254","malamarite","mega-stones","false","malamarite"
"barbaracite","2255","barbaracite","mega-stones","false","barbaracite"
"dragalgite","2256","dragalgite","mega-stones","false","dragalgite"
"hawluchanite","2257","hawluchanite","mega-stones","false","hawluchanite"
"zygardite","2258","zygardite","mega-stones","false","zygardite"
"drampanite","2259","drampanite","mega-stones","false","drampanite"
"zeraorite","2260","zeraorite","mega-stones","false","zeraorite"
"falinksite","2261","falinksite","mega-stones","false","falinksite"
"raichunitex","2262","raichunite-x","mega-stones","false","raichunitex"
"raichunitey","2263","raichunite-y","mega-stones","false","raichunitey"
"chimechite","2264","chimechite","mega-stones","false","chimechite"
"absolitez","2265","absolite-z","mega-stones","false","absolitez"
"staraptite","2266","staraptite","mega-stones","false","staraptite"
"garchompitez","2267","garchompite-z","mega-stones","false","garchompitez"
"lucarionitez","2268","lucarionite-z","mega-stones","false","lucarionitez"
"golurkite","2269","golurkite","mega-stones","false","golurkite"
"meowsticite","2270","meowsticite","mega-stones","false","meowsticite"
"crabominite","2271","crabominite","mega-stones","false","crabominite"
"golisopite","2272","golisopite","mega-stones","false","golisopite"
"magearnite","2273","magearnite","mega-stones","false","magearnite"
"scovillainite","2274","scovillainite","mega-stones","false","scovillainite"
"baxcalibrite","2275","baxcalibrite","mega-stones","false","baxcalibrite"
"tatsugirinite","2276","tatsugirinite","mega-stones","false","tatsugirinite"
"glimmoranite","2277","glimmoranite","mega-stones","false","glimmoranite"
"hopoberry","2278","hopo-berry","pp-recovery","false","hopoberry"